CustomerID,actual_churn,predicted_churn,churn_probability,Risk Segment,CLTV,Value Segment,Expected CLTV at Risk,Retention Priority,Key Risk Factors,Recommended Action,Tenure Months,Contract,Internet Service,Payment Method,Monthly Charges,Total Charges
0295-PPHDO,1,1,0.9223360499653168,High Risk,5962,High Value,5498.967529893219,Critical,Month-to-month contract; Short tenure; Electronic check; Fiber optic service,Offer incentive to move to a longer-term contract; Promote automatic payment enrollment; Offer discounted or trial tech support,1,Month-to-month,Fiber optic,Electronic check,95.45,95.45
5178-LMXOP,1,1,0.9153174743741656,High Risk,5795,High Value,5304.26476399829,Critical,Month-to-month contract; Short tenure; Electronic check; Fiber optic service,Offer incentive to move to a longer-term contract; Promote automatic payment enrollment; Offer discounted or trial tech support,1,Month-to-month,Fiber optic,Electronic check,95.1,95.1
1628-BIZYP,0,1,0.8782236298861237,High Risk,5754,High Value,5053.2987663647555,Critical,Month-to-month contract; Short tenure; Electronic check; Fiber optic service,Offer incentive to move to a longer-term contract; Promote automatic payment enrollment; Offer discounted or trial tech support,1,Month-to-month,Fiber optic,Electronic check,85.0,85.0
7180-PISOG,1,1,0.8929963336546509,High Risk,5554,High Value,4959.701637117932,Critical,Month-to-month contract; Short tenure; Electronic check; Fiber optic service,Offer incentive to move to a longer-term contract; Promote automatic payment enrollment; Offer discounted or trial tech support,1,Month-to-month,Fiber optic,Electronic check,74.5,74.5
3716-BDVDB,1,1,0.8347031303172943,High Risk,5795,High Value,4837.104640188721,Critical,Month-to-month contract; Short tenure; Electronic check; Fiber optic service,Offer incentive to move to a longer-term contract; Promote automatic payment enrollment; Offer discounted or trial tech support,1,Month-to-month,Fiber optic,Electronic check,69.1,69.1
2865-TCHJW,1,1,0.8068062785986099,High Risk,5808,High Value,4685.930866100726,Critical,Month-to-month contract; Short tenure; Electronic check; Fiber optic service,Offer incentive to move to a longer-term contract; Promote automatic payment enrollment; Offer discounted or trial tech support,4,Month-to-month,Fiber optic,Electronic check,89.2,346.2
6023-YEBUP,1,1,0.8716163869727069,High Risk,5351,High Value,4664.019286690955,Critical,Month-to-month contract; Short tenure; Electronic check; Fiber optic service,Offer incentive to move to a longer-term contract; Promote automatic payment enrollment; Offer discounted or trial tech support,3,Month-to-month,Fiber optic,Electronic check,100.95,329.95
3006-XIMLN,1,1,0.8717925878990649,High Risk,5299,High Value,4619.628923277145,Critical,Month-to-month contract; Short tenure; Fiber optic service; No tech support,Offer incentive to move to a longer-term contract; Offer discounted or trial tech support; Bundle online security with retention offer,2,Month-to-month,Fiber optic,Bank transfer (automatic),94.2,193.8
1320-HTRDR,1,1,0.7677076592072157,High Risk,5948,High Value,4566.325156964519,Critical,Month-to-month contract; Short tenure; Electronic check; Fiber optic service,Offer incentive to move to a longer-term contract; Promote automatic payment enrollment; Offer discounted or trial tech support,3,Month-to-month,Fiber optic,Electronic check,75.5,220.6
6910-HADCM,1,1,0.8121156820907963,High Risk,5613,High Value,4558.40532357564,Critical,Month-to-month contract; Short tenure; Electronic check; Fiber optic service,Offer incentive to move to a longer-term contract; Promote automatic payment enrollment; Offer discounted or trial tech support,1,Month-to-month,Fiber optic,Electronic check,76.35,76.35
6630-UJZMY,0,1,0.8615263986977949,High Risk,5251,High Value,4523.875119562121,Critical,Month-to-month contract; Short tenure; Electronic check; Fiber optic service,Offer incentive to move to a longer-term contract; Promote automatic payment enrollment; Offer discounted or trial tech support,4,Month-to-month,Fiber optic,Electronic check,83.25,308.05
5357-TZHPP,1,1,0.7852733949910735,High Risk,5745,High Value,4511.395654223717,Critical,Month-to-month contract; Fiber optic service; No tech support; No online security,Offer incentive to move to a longer-term contract; Offer discounted or trial tech support; Bundle online security with retention offer,9,Month-to-month,Fiber optic,Credit card (automatic),84.4,732.5
8361-LTMKD,1,1,0.767389789264876,High Risk,5839,High Value,4480.788979517611,Critical,Month-to-month contract; Short tenure; Fiber optic service; No tech support,Offer incentive to move to a longer-term contract; Offer discounted or trial tech support; Bundle online security with retention offer,4,Month-to-month,Fiber optic,Mailed check,74.4,306.6
7409-KIUTL,1,1,0.8369029116615636,High Risk,5345,High Value,4473.246062831057,Critical,Month-to-month contract; Short tenure; Electronic check; Fiber optic service,Offer incentive to move to a longer-term contract; Promote automatic payment enrollment; Offer discounted or trial tech support,1,Month-to-month,Fiber optic,Electronic check,71.0,71.0
8161-QYMTT,0,1,0.829206413958866,High Risk,5259,High Value,4360.796531009676,Critical,Month-to-month contract; Electronic check; Fiber optic service; No tech support,Offer incentive to move to a longer-term contract; Promote automatic payment enrollment; Offer discounted or trial tech support,7,Month-to-month,Fiber optic,Electronic check,94.1,701.3
2754-SDJRD,0,1,0.8435547400787488,High Risk,5157,High Value,4350.211794586107,Critical,Month-to-month contract; Fiber optic service; No online security; High monthly charges,Offer incentive to move to a longer-term contract; Bundle online security with retention offer; Review plan pricing or offer loyalty discount,8,Month-to-month,Fiber optic,Credit card (automatic),100.15,908.55
1768-ZAIFU,1,1,0.7575785248386496,High Risk,5688,High Value,4309.106649282239,Critical,Month-to-month contract; Short tenure; Electronic check; No tech support,Offer incentive to move to a longer-term contract; Promote automatic payment enrollment; Offer discounted or trial tech support,1,Month-to-month,DSL,Electronic check,25.2,25.2
7249-WBIYX,1,1,0.8320272094458262,High Risk,5146,High Value,4281.612019808222,Critical,Month-to-month contract; Electronic check; Fiber optic service; No tech support,Offer incentive to move to a longer-term contract; Promote automatic payment enrollment; Offer discounted or trial tech support,10,Month-to-month,Fiber optic,Electronic check,85.6,813.85
8541-QVFKM,0,1,0.7158974095788597,High Risk,5777,High Value,4135.739335137073,Critical,Month-to-month contract; Electronic check; Fiber optic service; No tech support,Offer incentive to move to a longer-term contract; Promote automatic payment enrollment; Offer discounted or trial tech support,8,Month-to-month,Fiber optic,Electronic check,73.5,632.2
6651-AZVTJ,1,1,0.6792987011658116,High Risk,6088,High Value,4135.570492697461,Critical,Month-to-month contract; Electronic check; Fiber optic service; No tech support,Offer incentive to move to a longer-term contract; Promote automatic payment enrollment; Offer discounted or trial tech support,49,Month-to-month,Fiber optic,Electronic check,99.8,4872.45
3338-CVVEH,0,1,0.7280968581077819,High Risk,5674,High Value,4131.221572903554,Critical,Month-to-month contract; Electronic check; Fiber optic service; No tech support,Offer incentive to move to a longer-term contract; Promote automatic payment enrollment; Offer discounted or trial tech support,12,Month-to-month,Fiber optic,Electronic check,94.55,1173.55
3030-YDNRM,0,1,0.7339502024061293,High Risk,5514,High Value,4047.001416067397,Critical,Month-to-month contract; Electronic check; Fiber optic service; No tech support,Offer incentive to move to a longer-term contract; Promote automatic payment enrollment; Offer discounted or trial tech support,8,Month-to-month,Fiber optic,Electronic check,74.85,572.45
7235-NXZCP,1,1,0.7465106475127942,High Risk,5378,High Value,4014.734262323807,Critical,Month-to-month contract; Short tenure; Fiber optic service; No tech support,Offer incentive to move to a longer-term contract; Offer discounted or trial tech support; Bundle online security with retention offer,2,Month-to-month,Fiber optic,Mailed check,74.85,156.4
5129-JLPIS,0,1,0.6749295971880336,High Risk,5822,High Value,3929.4401148287316,Critical,Month-to-month contract; Electronic check; Fiber optic service; High monthly charges,Offer incentive to move to a longer-term contract; Promote automatic payment enrollment; Review plan pricing or offer loyalty discount,25,Month-to-month,Fiber optic,Electronic check,105.5,2686.05
9851-KIELU,1,1,0.673744932039188,High Risk,5803,High Value,3909.741840623408,Critical,Month-to-month contract; Electronic check; Fiber optic service; High monthly charges,Offer incentive to move to a longer-term contract; Promote automatic payment enrollment; Review plan pricing or offer loyalty discount,10,Month-to-month,Fiber optic,Electronic check,110.1,1043.3
3585-ISXZP,1,1,0.7311746736132421,High Risk,5335,High Value,3900.816883726646,Critical,Month-to-month contract; Fiber optic service; No tech support; No online security,Offer incentive to move to a longer-term contract; Offer discounted or trial tech support; Bundle online security with retention offer,8,Month-to-month,Fiber optic,Bank transfer (automatic),95.65,778.1
4919-IKATY,1,1,0.7430433897385977,High Risk,5141,High Value,3819.986066646131,Critical,Month-to-month contract; Short tenure; Electronic check; Fiber optic service,Offer incentive to move to a longer-term contract; Promote automatic payment enrollment; Offer discounted or trial tech support,5,Month-to-month,Fiber optic,Electronic check,84.5,453.75
5159-YFPKQ,1,1,0.7161525480684159,High Risk,5270,High Value,3774.123928320552,Critical,Month-to-month contract; Short tenure; Electronic check; Fiber optic service,Offer incentive to move to a longer-term contract; Promote automatic payment enrollment; Offer discounted or trial tech support,2,Month-to-month,Fiber optic,Electronic check,75.8,160.75
4706-AXVKM,1,1,0.7327370147147988,High Risk,5118,High Value,3750.1480413103404,Critical,Month-to-month contract; Fiber optic service; No tech support; No online security,Offer incentive to move to a longer-term contract; Offer discounted or trial tech support; Bundle online security with retention offer,11,Month-to-month,Fiber optic,Credit card (automatic),84.8,906.85
7056-IMHCC,1,1,0.6345927029668974,High Risk,5884,High Value,3733.943464257224,Critical,Month-to-month contract; Electronic check; Fiber optic service; No tech support,Offer incentive to move to a longer-term contract; Promote automatic payment enrollment; Offer discounted or trial tech support,53,Month-to-month,Fiber optic,Electronic check,101.9,5549.4
9227-LUNBG,1,1,0.6327126870630183,High Risk,5768,High Value,3649.48677897949,Critical,Month-to-month contract; Short tenure; Electronic check; No tech support,Offer incentive to move to a longer-term contract; Promote automatic payment enrollment; Offer discounted or trial tech support,1,Month-to-month,DSL,Electronic check,24.6,24.6
2495-INZWQ,1,1,0.6458511265932761,High Risk,5605,High Value,3619.9955645553127,Critical,Month-to-month contract; Short tenure; Electronic check; No tech support,Offer incentive to move to a longer-term contract; Promote automatic payment enrollment; Offer discounted or trial tech support,4,Month-to-month,DSL,Electronic check,44.55,174.3
5228-EXCET,1,1,0.6040717611862061,High Risk,5964,High Value,3602.683983714533,Critical,Month-to-month contract; Electronic check; Fiber optic service; No tech support,Offer incentive to move to a longer-term contract; Promote automatic payment enrollment; Offer discounted or trial tech support,13,Month-to-month,Fiber optic,Electronic check,80.85,1008.7
3721-CNEYS,1,1,0.668031192466514,High Risk,5390,High Value,3600.6881273945105,Critical,Month-to-month contract; Short tenure; Electronic check; Fiber optic service,Offer incentive to move to a longer-term contract; Promote automatic payment enrollment; Offer discounted or trial tech support,2,Month-to-month,Fiber optic,Electronic check,70.95,137.95
7354-OIJLX,0,1,0.6903678447774345,High Risk,5212,High Value,3598.1972069799886,Critical,Month-to-month contract; Electronic check; Fiber optic service; No tech support,Offer incentive to move to a longer-term contract; Promote automatic payment enrollment; Offer discounted or trial tech support,9,Month-to-month,Fiber optic,Electronic check,75.85,724.65
2439-LYPMQ,0,1,0.6532860420739693,High Risk,5469,High Value,3572.821364102538,Critical,Month-to-month contract; Electronic check; Fiber optic service; No tech support,Offer incentive to move to a longer-term contract; Promote automatic payment enrollment; Offer discounted or trial tech support,38,Month-to-month,Fiber optic,Electronic check,102.6,4009.2
7912-SYRQT,1,1,0.6467602669563876,High Risk,5514,High Value,3566.2361119975208,Critical,Month-to-month contract; Fiber optic service; No tech support; No online security,Offer incentive to move to a longer-term contract; Offer discounted or trial tech support; Bundle online security with retention offer,7,Month-to-month,Fiber optic,Bank transfer (automatic),75.1,552.95
0899-LIIBW,0,1,0.6022826338170977,High Risk,5891,High Value,3548.046995816522,Critical,Month-to-month contract; Electronic check; Fiber optic service; No tech support,Offer incentive to move to a longer-term contract; Promote automatic payment enrollment; Offer discounted or trial tech support,34,Month-to-month,Fiber optic,Electronic check,100.85,3527.3
7198-GLXTC,1,1,0.6621299161649266,High Risk,5239,High Value,3468.89863078805,Critical,Month-to-month contract; Short tenure; Electronic check; Fiber optic service,Offer incentive to move to a longer-term contract; Promote automatic payment enrollment; Offer discounted or trial tech support,2,Month-to-month,Fiber optic,Electronic check,79.0,143.65
7029-RPUAV,1,1,0.6267552755175496,High Risk,5508,High Value,3452.1680575506634,Critical,Month-to-month contract; Fiber optic service; No tech support; No online security,Offer incentive to move to a longer-term contract; Offer discounted or trial tech support; Bundle online security with retention offer,17,Month-to-month,Fiber optic,Credit card (automatic),100.45,1622.45
2386-LAHRK,1,1,0.6735307719283279,High Risk,5094,High Value,3430.9657522029024,Critical,Month-to-month contract; Short tenure; No tech support; No online security,Offer incentive to move to a longer-term contract; Offer discounted or trial tech support; Bundle online security with retention offer,1,Month-to-month,DSL,Mailed check,53.5,53.5
4317-VTEOA,1,1,0.638759916103322,High Risk,5355,High Value,3420.559350733289,Critical,Month-to-month contract; Short tenure; Electronic check; No tech support,Offer incentive to move to a longer-term contract; Promote automatic payment enrollment; Offer discounted or trial tech support,1,Month-to-month,DSL,Electronic check,50.75,50.75
4301-VVZKA,0,1,0.6285728696048203,High Risk,5432,High Value,3414.4078276933838,Critical,Month-to-month contract; Electronic check; Fiber optic service; No tech support,Offer incentive to move to a longer-term contract; Promote automatic payment enrollment; Offer discounted or trial tech support,16,Month-to-month,Fiber optic,Electronic check,75.4,1189.4
9692-TUSXH,1,1,0.6029403997874266,High Risk,5581,High Value,3365.010371213628,Critical,Month-to-month contract; Electronic check; Fiber optic service; No tech support,Offer incentive to move to a longer-term contract; Promote automatic payment enrollment; Offer discounted or trial tech support,18,Month-to-month,Fiber optic,Electronic check,96.05,1740.7
1475-VWVDO,0,1,0.6245467755686951,High Risk,5335,High Value,3331.9570476589884,Critical,Month-to-month contract; Electronic check; Fiber optic service; No tech support,Offer incentive to move to a longer-term contract; Promote automatic payment enrollment; Offer discounted or trial tech support,7,Month-to-month,Fiber optic,Electronic check,74.9,490.55
6507-ZJSUR,0,1,0.6145339927719404,High Risk,5272,High Value,3239.82320989367,Critical,Month-to-month contract; Electronic check; Fiber optic service; No tech support,Offer incentive to move to a longer-term contract; Promote automatic payment enrollment; Offer discounted or trial tech support,23,Month-to-month,Fiber optic,Electronic check,90.45,2117.25
1016-DJTSV,0,1,0.6057654333226999,High Risk,5242,High Value,3175.422401477593,Critical,Month-to-month contract; Electronic check; Fiber optic service; No tech support,Offer incentive to move to a longer-term contract; Promote automatic payment enrollment; Offer discounted or trial tech support,8,Month-to-month,Fiber optic,Electronic check,69.7,572.85
0970-ETWGE,1,1,0.886613143794203,High Risk,4996,Medium Value,4429.519266395838,High,Month-to-month contract; Short tenure; Electronic check; Fiber optic service,Offer incentive to move to a longer-term contract; Promote automatic payment enrollment; Offer discounted or trial tech support,1,Month-to-month,Fiber optic,Electronic check,89.55,89.55
6372-RFVNS,1,1,0.8710957278880047,High Risk,5075,Medium Value,4420.810819031624,High,Month-to-month contract; Short tenure; Electronic check; Fiber optic service,Offer incentive to move to a longer-term contract; Promote automatic payment enrollment; Offer discounted or trial tech support,1,Month-to-month,Fiber optic,Electronic check,78.8,78.8
7181-BQYBV,1,1,0.9144100340706268,High Risk,4811,Medium Value,4399.226673913786,High,Month-to-month contract; Short tenure; Electronic check; Fiber optic service,Offer incentive to move to a longer-term contract; Promote automatic payment enrollment; Offer discounted or trial tech support,1,Month-to-month,Fiber optic,Electronic check,102.45,102.45
2545-EBUPK,0,1,0.8628146739769555,High Risk,5039,Medium Value,4347.723142169879,High,Month-to-month contract; Short tenure; Electronic check; Fiber optic service,Offer incentive to move to a longer-term contract; Promote automatic payment enrollment; Offer discounted or trial tech support,2,Month-to-month,Fiber optic,Electronic check,84.05,186.05
4927-WWOOZ,0,1,0.8707286198313076,High Risk,4889,Medium Value,4256.992222355263,High,Month-to-month contract; Short tenure; Electronic check; Fiber optic service,Offer incentive to move to a longer-term contract; Promote automatic payment enrollment; Offer discounted or trial tech support,2,Month-to-month,Fiber optic,Electronic check,91.45,171.45
8593-WHYHV,1,1,0.8392260219226952,High Risk,4934,Medium Value,4140.741192166578,High,Month-to-month contract; Short tenure; Electronic check; Fiber optic service,Offer incentive to move to a longer-term contract; Promote automatic payment enrollment; Offer discounted or trial tech support,3,Month-to-month,Fiber optic,Electronic check,85.3,264.8
5196-SGOAK,1,1,0.8392660770909316,High Risk,4884,Medium Value,4098.97552051211,High,Month-to-month contract; Short tenure; Electronic check; Fiber optic service,Offer incentive to move to a longer-term contract; Promote automatic payment enrollment; Offer discounted or trial tech support,1,Month-to-month,Fiber optic,Electronic check,75.7,75.7
2514-GINMM,1,1,0.8957303161105075,High Risk,4490,Medium Value,4021.8291193361783,High,Month-to-month contract; Short tenure; Electronic check; Fiber optic service,Offer incentive to move to a longer-term contract; Promote automatic payment enrollment; Offer discounted or trial tech support,1,Month-to-month,Fiber optic,Electronic check,79.5,79.5
3707-GNWHM,1,1,0.8273581790113368,High Risk,4750,Medium Value,3929.9513503038497,High,Month-to-month contract; Short tenure; Fiber optic service; No tech support,Offer incentive to move to a longer-term contract; Offer discounted or trial tech support; Bundle online security with retention offer,1,Month-to-month,Fiber optic,Mailed check,74.25,74.25
1867-BDVFH,1,1,0.7681409294175253,High Risk,5075,Medium Value,3898.315216793941,High,Month-to-month contract; Electronic check; Fiber optic service; No tech support,Offer incentive to move to a longer-term contract; Promote automatic payment enrollment; Offer discounted or trial tech support,11,Month-to-month,Fiber optic,Electronic check,74.35,834.2
0679-IDSTG,1,1,0.8518146480125427,High Risk,4568,Medium Value,3891.089312121295,High,Month-to-month contract; Short tenure; Electronic check; Fiber optic service,Offer incentive to move to a longer-term contract; Promote automatic payment enrollment; Offer discounted or trial tech support,1,Month-to-month,Fiber optic,Electronic check,69.25,69.25
3722-WPXTK,1,1,0.8735949236881128,High Risk,4254,Medium Value,3716.2728053692317,High,Month-to-month contract; Short tenure; Electronic check; Fiber optic service,Offer incentive to move to a longer-term contract; Promote automatic payment enrollment; Offer discounted or trial tech support,1,Month-to-month,Fiber optic,Electronic check,88.35,88.35
4587-VVTOX,1,1,0.8909233580660848,High Risk,4163,Medium Value,3708.913939629111,High,Month-to-month contract; Short tenure; Electronic check; Fiber optic service,Offer incentive to move to a longer-term contract; Promote automatic payment enrollment; Offer discounted or trial tech support,6,Month-to-month,Fiber optic,Electronic check,105.3,545.2
8622-ZLFKO,0,1,0.8582067827008303,High Risk,4297,Medium Value,3687.7145452654677,High,Month-to-month contract; Short tenure; Electronic check; Fiber optic service,Offer incentive to move to a longer-term contract; Promote automatic payment enrollment; Offer discounted or trial tech support,6,Month-to-month,Fiber optic,Electronic check,90.75,512.25
8699-ASUFO,1,1,0.7396521784642832,High Risk,4969,Medium Value,3675.3316747890235,High,Month-to-month contract; Fiber optic service; No tech support; No online security,Offer incentive to move to a longer-term contract; Offer discounted or trial tech support; Bundle online security with retention offer,7,Month-to-month,Fiber optic,Mailed check,74.4,527.9
1024-GUALD,1,1,0.7488479999323967,High Risk,4851,Medium Value,3632.6616476720565,High,Month-to-month contract; Short tenure; Electronic check; No tech support,Offer incentive to move to a longer-term contract; Promote automatic payment enrollment; Offer discounted or trial tech support,1,Month-to-month,DSL,Electronic check,24.8,24.8
3422-LYEPQ,1,1,0.8547998978917716,High Risk,4207,Medium Value,3596.143170430683,High,Month-to-month contract; Short tenure; Electronic check; Fiber optic service,Offer incentive to move to a longer-term contract; Promote automatic payment enrollment; Offer discounted or trial tech support,1,Month-to-month,Fiber optic,Electronic check,71.0,71.0
8739-XNIKG,0,1,0.8035487290957815,High Risk,4456,Medium Value,3580.613136850802,High,Month-to-month contract; Short tenure; Electronic check; Fiber optic service,Offer incentive to move to a longer-term contract; Promote automatic payment enrollment; Offer discounted or trial tech support,5,Month-to-month,Fiber optic,Electronic check,84.0,424.75
9465-RWMXL,1,1,0.5904235400349302,Medium Risk,5949,High Value,3512.4296396678,High,Month-to-month contract; Electronic check; Fiber optic service; No tech support,Offer incentive to move to a longer-term contract; Promote automatic payment enrollment; Offer discounted or trial tech support,32,Month-to-month,Fiber optic,Electronic check,78.9,2447.95
4237-RLAQD,1,1,0.5842118980128098,Medium Risk,5930,High Value,3464.376555215962,High,Month-to-month contract; Short tenure; No tech support; No online security,Offer incentive to move to a longer-term contract; Offer discounted or trial tech support; Bundle online security with retention offer,1,Month-to-month,DSL,Mailed check,45.85,45.85
3244-DCJWY,1,1,0.8347031303172943,High Risk,4133,Medium Value,3449.828037601377,High,Month-to-month contract; Short tenure; Electronic check; Fiber optic service,Offer incentive to move to a longer-term contract; Promote automatic payment enrollment; Offer discounted or trial tech support,1,Month-to-month,Fiber optic,Electronic check,70.25,70.25
7817-BOQPW,1,1,0.7881061777831707,High Risk,4320,Medium Value,3404.6186880232976,High,Month-to-month contract; Short tenure; Electronic check; Fiber optic service,Offer incentive to move to a longer-term contract; Promote automatic payment enrollment; Offer discounted or trial tech support,2,Month-to-month,Fiber optic,Electronic check,75.55,166.3
5376-DEQCP,1,1,0.8347031303172943,High Risk,4063,Medium Value,3391.3988184791665,High,Month-to-month contract; Short tenure; Electronic check; Fiber optic service,Offer incentive to move to a longer-term contract; Promote automatic payment enrollment; Offer discounted or trial tech support,1,Month-to-month,Fiber optic,Electronic check,70.6,70.6
1731-TVIUK,1,1,0.7441011641787154,High Risk,4554,Medium Value,3388.63670166987,High,Month-to-month contract; Short tenure; Electronic check; Fiber optic service,Offer incentive to move to a longer-term contract; Promote automatic payment enrollment; Bundle online security with retention offer,4,Month-to-month,Fiber optic,Electronic check,93.5,362.2
2845-HSJCY,1,1,0.7013537174488153,High Risk,4786,Medium Value,3356.67889171003,High,Month-to-month contract; Electronic check; Fiber optic service; No tech support,Offer incentive to move to a longer-term contract; Promote automatic payment enrollment; Offer discounted or trial tech support,14,Month-to-month,Fiber optic,Electronic check,87.25,1258.6
9279-CJEOJ,0,1,0.5890639504089249,Medium Risk,5691,High Value,3352.3629417771917,High,Month-to-month contract; Fiber optic service; No tech support; No online security,Offer incentive to move to a longer-term contract; Offer discounted or trial tech support; Bundle online security with retention offer,21,Month-to-month,Fiber optic,Bank transfer (automatic),95.4,2025.1
2034-GDRCN,1,1,0.8016656145666071,High Risk,4157,Medium Value,3332.523959753386,High,Month-to-month contract; Short tenure; Electronic check; Fiber optic service,Offer incentive to move to a longer-term contract; Promote automatic payment enrollment; Offer discounted or trial tech support,2,Month-to-month,Fiber optic,Electronic check,90.4,168.2
7363-QTBIW,0,1,0.7146663715826939,High Risk,4654,Medium Value,3326.057293345857,High,Month-to-month contract; Electronic check; Fiber optic service; No tech support,Offer incentive to move to a longer-term contract; Promote automatic payment enrollment; Offer discounted or trial tech support,9,Month-to-month,Fiber optic,Electronic check,79.75,769.1
0952-KMEEH,1,1,0.5999348185632486,Medium Risk,5525,High Value,3314.6398725619483,High,Month-to-month contract; Fiber optic service; No tech support; High monthly charges,Offer incentive to move to a longer-term contract; Offer discounted or trial tech support; Review plan pricing or offer loyalty discount,13,Month-to-month,Fiber optic,Mailed check,98.15,1230.25
4983-CCWMC,0,1,0.5944887583886488,Medium Risk,5487,High Value,3261.959817278516,High,Month-to-month contract; Short tenure; Fiber optic service; No tech support,Offer incentive to move to a longer-term contract; Offer discounted or trial tech support; Bundle online security with retention offer,3,Month-to-month,Fiber optic,Mailed check,69.6,207.4
4735-ASGMA,1,1,0.6498205155970285,High Risk,4997,Medium Value,3247.1531164383514,High,Month-to-month contract; Electronic check; Fiber optic service; No tech support,Offer incentive to move to a longer-term contract; Promote automatic payment enrollment; Offer discounted or trial tech support,26,Month-to-month,Fiber optic,Electronic check,98.35,2515.3
3858-VOBET,1,1,0.548760750739494,Medium Risk,5897,High Value,3236.0421471107966,High,Month-to-month contract; Electronic check; Fiber optic service; No tech support,Offer incentive to move to a longer-term contract; Promote automatic payment enrollment; Offer discounted or trial tech support,23,Month-to-month,Fiber optic,Electronic check,74.95,1710.45
2959-MJHIC,1,1,0.7690106882298539,High Risk,4167,Medium Value,3204.467537853801,High,Month-to-month contract; Short tenure; Electronic check; Fiber optic service,Offer incentive to move to a longer-term contract; Promote automatic payment enrollment; Offer discounted or trial tech support,4,Month-to-month,Fiber optic,Electronic check,80.35,307.4
3519-ZKXGG,1,1,0.7883374403020267,High Risk,4062,Medium Value,3202.2266825068323,High,Month-to-month contract; Short tenure; Electronic check; Fiber optic service,Offer incentive to move to a longer-term contract; Promote automatic payment enrollment; Offer discounted or trial tech support,3,Month-to-month,Fiber optic,Electronic check,75.85,256.6
7005-CCBKV,1,1,0.7026249563372317,High Risk,4539,Medium Value,3189.2146768146945,High,Month-to-month contract; Short tenure; Electronic check; Fiber optic service,Offer incentive to move to a longer-term contract; Promote automatic payment enrollment; Offer discounted or trial tech support,6,Month-to-month,Fiber optic,Electronic check,84.4,556.35
9747-DDZOS,1,1,0.7280371557097696,High Risk,4378,Medium Value,3187.3466676973712,High,Month-to-month contract; Short tenure; Fiber optic service; No tech support,Offer incentive to move to a longer-term contract; Offer discounted or trial tech support; Bundle online security with retention offer,1,Month-to-month,Fiber optic,Bank transfer (automatic),73.5,73.5
6328-ZPBGN,1,1,0.7798155241026056,High Risk,4074,Medium Value,3176.968445194015,High,Month-to-month contract; Fiber optic service; No tech support; No online security,Offer incentive to move to a longer-term contract; Offer discounted or trial tech support; Bundle online security with retention offer,11,Month-to-month,Fiber optic,Bank transfer (automatic),95.15,997.65
4806-KEXQR,1,1,0.6797161314283393,High Risk,4669,Medium Value,3173.594617638916,High,Month-to-month contract; Short tenure; Electronic check; Fiber optic service,Offer incentive to move to a longer-term contract; Promote automatic payment enrollment; Offer discounted or trial tech support,4,Month-to-month,Fiber optic,Electronic check,79.9,324.3
4713-LZDRV,1,1,0.7286858381691529,High Risk,4322,Medium Value,3149.3801925670787,High,Month-to-month contract; Short tenure; Electronic check; Fiber optic service,Offer incentive to move to a longer-term contract; Promote automatic payment enrollment; Offer discounted or trial tech support,2,Month-to-month,Fiber optic,Electronic check,79.6,195.05
0258-NOKBL,0,1,0.559128766831894,Medium Risk,5625,High Value,3145.099313429404,High,Month-to-month contract; Short tenure; Electronic check; Fiber optic service,Offer incentive to move to a longer-term contract; Promote automatic payment enrollment; Offer discounted or trial tech support,3,Month-to-month,Fiber optic,Electronic check,90.4,268.45
5281-BUZGT,1,1,0.5486829970507618,Medium Risk,5692,High Value,3123.1036192129363,High,Month-to-month contract; Electronic check; Fiber optic service; No tech support,Offer incentive to move to a longer-term contract; Promote automatic payment enrollment; Offer discounted or trial tech support,36,Month-to-month,Fiber optic,Electronic check,90.85,3186.7
4229-CZMLL,1,1,0.7466956177259333,High Risk,4160,Medium Value,3106.2537697398825,High,Month-to-month contract; Short tenure; Electronic check; Fiber optic service,Offer incentive to move to a longer-term contract; Promote automatic payment enrollment; Offer discounted or trial tech support,6,Month-to-month,Fiber optic,Electronic check,74.9,469.8
6166-ILMNY,1,1,0.5467633419570435,Medium Risk,5667,High Value,3098.507858870565,High,Month-to-month contract; Short tenure; Fiber optic service; No tech support,Offer incentive to move to a longer-term contract; Offer discounted or trial tech support; Bundle online security with retention offer,2,Month-to-month,Fiber optic,Bank transfer (automatic),69.75,144.55
5889-JTMUL,1,1,0.5276118674391004,Medium Risk,5863,High Value,3093.3883787954455,High,Month-to-month contract; Electronic check; Fiber optic service; No tech support,Offer incentive to move to a longer-term contract; Promote automatic payment enrollment; Offer discounted or trial tech support,50,Month-to-month,Fiber optic,Electronic check,95.05,4888.7
8714-EUHJO,1,1,0.5860849658850031,Medium Risk,5219,High Value,3058.7774369538315,High,Month-to-month contract; Electronic check; Fiber optic service; No tech support,Offer incentive to move to a longer-term contract; Promote automatic payment enrollment; Offer discounted or trial tech support,31,Month-to-month,Fiber optic,Electronic check,91.15,2995.45
1335-NTIUC,0,1,0.556321401271612,Medium Risk,5473,High Value,3044.7470291595323,High,Month-to-month contract; Electronic check; No tech support; No online security,Offer incentive to move to a longer-term contract; Promote automatic payment enrollment; Offer discounted or trial tech support,9,Month-to-month,DSL,Electronic check,24.95,190.25
3877-JRJIP,1,1,0.7506300339399335,High Risk,4017,Medium Value,3015.2808463367132,High,Month-to-month contract; Short tenure; Electronic check; No tech support,Offer incentive to move to a longer-term contract; Promote automatic payment enrollment; Offer discounted or trial tech support,1,Month-to-month,DSL,Electronic check,59.85,59.85
7130-VTEWQ,1,1,0.7194348444769856,High Risk,4174,Medium Value,3002.921040846938,High,Month-to-month contract; Electronic check; Fiber optic service; No tech support,Offer incentive to move to a longer-term contract; Promote automatic payment enrollment; Offer discounted or trial tech support,8,Month-to-month,Fiber optic,Electronic check,75.75,606.25
5628-FCGYG,0,1,0.6443853491602543,High Risk,4649,Medium Value,2995.747488246022,High,Month-to-month contract; Electronic check; Fiber optic service; No tech support,Offer incentive to move to a longer-term contract; Promote automatic payment enrollment; Offer discounted or trial tech support,21,Month-to-month,Fiber optic,Electronic check,84.1,1737.45
1902-XBTFB,1,1,0.5462631950679875,Medium Risk,5438,High Value,2970.579254779716,High,Month-to-month contract; Electronic check; Fiber optic service; No tech support,Offer incentive to move to a longer-term contract; Promote automatic payment enrollment; Offer discounted or trial tech support,22,Month-to-month,Fiber optic,Electronic check,89.4,2001.5
2985-FMWYF,0,1,0.609126379089531,High Risk,4861,Medium Value,2960.9633287542106,High,Month-to-month contract; Electronic check; Fiber optic service; No tech support,Offer incentive to move to a longer-term contract; Promote automatic payment enrollment; Offer discounted or trial tech support,23,Month-to-month,Fiber optic,Electronic check,93.5,2341.55
8778-LMWTJ,0,1,0.5118530827300998,Medium Risk,5770,High Value,2953.392287352676,High,Month-to-month contract; Electronic check; Fiber optic service; No tech support,Offer incentive to move to a longer-term contract; Promote automatic payment enrollment; Offer discounted or trial tech support,9,Month-to-month,Fiber optic,Electronic check,74.85,708.2
8785-CJSHH,0,0,0.4749974483702235,Medium Risk,6213,High Value,2951.1591467241988,High,Month-to-month contract; Electronic check; Fiber optic service; No tech support,Offer incentive to move to a longer-term contract; Promote automatic payment enrollment; Offer discounted or trial tech support,60,Month-to-month,Fiber optic,Electronic check,99.8,5985.75
8739-WWKDU,1,1,0.60777336664118,High Risk,4849,Medium Value,2947.0930548430815,High,Month-to-month contract; Electronic check; Fiber optic service; No tech support,Offer incentive to move to a longer-term contract; Promote automatic payment enrollment; Offer discounted or trial tech support,25,Month-to-month,Fiber optic,Electronic check,89.5,2196.15
3365-SAIGS,0,1,0.5267591512433241,Medium Risk,5564,High Value,2930.887917517855,High,Month-to-month contract; Electronic check; Fiber optic service; No tech support,Offer incentive to move to a longer-term contract; Promote automatic payment enrollment; Offer discounted or trial tech support,17,Month-to-month,Fiber optic,Electronic check,83.55,1329.15
9992-UJOEL,0,0,0.4978081662132636,Medium Risk,5870,High Value,2922.1339356718577,High,Month-to-month contract; Short tenure; No tech support; No online security,Offer incentive to move to a longer-term contract; Offer discounted or trial tech support; Bundle online security with retention offer,2,Month-to-month,DSL,Mailed check,50.3,92.75
6338-AVWCY,1,1,0.6133040161255182,High Risk,4710,Medium Value,2888.6619159511906,High,Month-to-month contract; Short tenure; No tech support; No online security,Offer incentive to move to a longer-term contract; Offer discounted or trial tech support; Bundle online security with retention offer,3,Month-to-month,DSL,Mailed check,40.15,130.75
8445-DNBAE,0,1,0.5175207297500383,Medium Risk,5523,High Value,2858.2669904094614,High,Month-to-month contract; Short tenure; Electronic check; No tech support,Offer incentive to move to a longer-term contract; Promote automatic payment enrollment; Offer discounted or trial tech support,1,Month-to-month,DSL,Electronic check,50.05,50.05
0004-TLHLJ,1,1,0.6346184575182062,High Risk,4479,Medium Value,2842.456071224046,High,Month-to-month contract; Short tenure; Electronic check; Fiber optic service,Offer incentive to move to a longer-term contract; Promote automatic payment enrollment; Offer discounted or trial tech support,4,Month-to-month,Fiber optic,Electronic check,73.9,280.85
9962-BFPDU,0,0,0.4887402164492964,Medium Risk,5811,High Value,2840.0693977868614,High,Month-to-month contract; Short tenure,Offer incentive to move to a longer-term contract; Trigger new-customer onboarding outreach,1,Month-to-month,No,Mailed check,20.05,20.05
7952-OBOYL,0,1,0.6914738947067136,High Risk,4096,Medium Value,2832.277072718699,High,Month-to-month contract; Short tenure; Fiber optic service; No online security,Offer incentive to move to a longer-term contract; Bundle online security with retention offer; Review plan pricing or offer loyalty discount,3,Month-to-month,Fiber optic,Mailed check,89.85,244.45
8992-CEUEN,0,1,0.552705647824314,Medium Risk,5084,High Value,2809.9555135388123,High,Month-to-month contract; Short tenure; Electronic check,Offer incentive to move to a longer-term contract; Promote automatic payment enrollment; Trigger new-customer onboarding outreach,1,Month-to-month,No,Electronic check,18.85,18.85
4873-ILOLJ,1,1,0.5053773527503186,Medium Risk,5546,High Value,2802.822798353267,High,Month-to-month contract; Electronic check; Fiber optic service; No tech support,Offer incentive to move to a longer-term contract; Promote automatic payment enrollment; Offer discounted or trial tech support,24,Month-to-month,Fiber optic,Electronic check,90.35,2238.5
9508-ILZDG,0,1,0.5137794832540754,Medium Risk,5425,High Value,2787.253696653359,High,Month-to-month contract; Electronic check; Fiber optic service; No online security,Offer incentive to move to a longer-term contract; Promote automatic payment enrollment; Bundle online security with retention offer,34,Month-to-month,Fiber optic,Electronic check,96.35,3190.25
8873-GLDMH,0,1,0.6565637388185681,High Risk,4220,Medium Value,2770.6989778143575,High,Month-to-month contract; Short tenure; Fiber optic service; No tech support,Offer incentive to move to a longer-term contract; Offer discounted or trial tech support; Bundle online security with retention offer,6,Month-to-month,Fiber optic,Mailed check,73.85,401.3
1310-QRITU,0,0,0.4713715437016123,Medium Risk,5877,High Value,2770.2505623343754,High,Month-to-month contract; Electronic check; No tech support; No online security,Offer incentive to move to a longer-term contract; Promote automatic payment enrollment; Offer discounted or trial tech support,18,Month-to-month,DSL,Electronic check,50.3,913.3
1471-GIQKQ,0,1,0.5263538995973986,Medium Risk,5230,High Value,2752.830894894395,High,Month-to-month contract; Short tenure; Electronic check; No tech support,Offer incentive to move to a longer-term contract; Promote automatic payment enrollment; Offer discounted or trial tech support,1,Month-to-month,DSL,Electronic check,49.95,49.95
5419-KLXBN,1,0,0.4674569400890661,Medium Risk,5853,High Value,2736.025470341304,High,Month-to-month contract; Fiber optic service; No tech support; No online security,Offer incentive to move to a longer-term contract; Offer discounted or trial tech support; Bundle online security with retention offer,25,Month-to-month,Fiber optic,Bank transfer (automatic),89.15,2257.75
6712-OAWRH,1,1,0.5244121090578201,Medium Risk,5154,High Value,2702.820010084005,High,Month-to-month contract; Electronic check; Fiber optic service; No tech support,Offer incentive to move to a longer-term contract; Promote automatic payment enrollment; Offer discounted or trial tech support,26,Month-to-month,Fiber optic,Electronic check,91.25,2351.8
6899-PPEEA,1,1,0.6028525041315694,High Risk,4448,Medium Value,2681.487938377221,High,Month-to-month contract; Electronic check; Fiber optic service; No tech support,Offer incentive to move to a longer-term contract; Promote automatic payment enrollment; Offer discounted or trial tech support,37,Month-to-month,Fiber optic,Electronic check,96.55,3580.3
2227-JRSJX,0,1,0.5032192848509989,Medium Risk,5324,High Value,2679.139472546718,High,Month-to-month contract; Fiber optic service; No online security; High monthly charges,Offer incentive to move to a longer-term contract; Bundle online security with retention offer; Review plan pricing or offer loyalty discount,21,Month-to-month,Fiber optic,Bank transfer (automatic),99.15,1956.4
0310-MVLET,1,0,0.4749974483702235,Medium Risk,5612,High Value,2665.6856802536945,High,Month-to-month contract; Electronic check; Fiber optic service; No tech support,Offer incentive to move to a longer-term contract; Promote automatic payment enrollment; Offer discounted or trial tech support,61,Month-to-month,Fiber optic,Electronic check,99.15,6010.05
2325-NBPZG,0,1,0.5182847941272003,Medium Risk,5125,High Value,2656.2095699019014,High,Month-to-month contract; Short tenure; Electronic check; Fiber optic service,Offer incentive to move to a longer-term contract; Promote automatic payment enrollment; Offer discounted or trial tech support,3,Month-to-month,Fiber optic,Electronic check,74.55,233.65
4208-UFFGW,1,0,0.4492333830388466,Medium Risk,5900,High Value,2650.476959929195,High,Month-to-month contract; Short tenure; No tech support; No online security,Offer incentive to move to a longer-term contract; Offer discounted or trial tech support; Bundle online security with retention offer,2,Month-to-month,DSL,Mailed check,44.95,85.15
5759-RCVCB,1,0,0.4857203275625896,Medium Risk,5450,High Value,2647.175785216113,High,Month-to-month contract; Short tenure; No tech support; No online security,Offer incentive to move to a longer-term contract; Offer discounted or trial tech support; Bundle online security with retention offer,3,Month-to-month,DSL,Credit card (automatic),35.2,108.95
1895-QTKDO,0,0,0.4613938756693216,Medium Risk,5684,High Value,2622.562789304424,High,Month-to-month contract; Short tenure; No tech support; No online security,Offer incentive to move to a longer-term contract; Offer discounted or trial tech support; Bundle online security with retention offer,1,Month-to-month,DSL,Credit card (automatic),43.95,43.95
2955-BJZHG,1,1,0.5041260219549561,Medium Risk,5174,High Value,2608.348037594943,High,Month-to-month contract; Electronic check; Fiber optic service; No tech support,Offer incentive to move to a longer-term contract; Promote automatic payment enrollment; Offer discounted or trial tech support,17,Month-to-month,Fiber optic,Electronic check,80.85,1400.85
0388-EOPEX,1,1,0.6017022899770548,High Risk,4263,Medium Value,2565.0568621721845,High,Month-to-month contract; Short tenure; Electronic check; Fiber optic service,Offer incentive to move to a longer-term contract; Promote automatic payment enrollment; Offer discounted or trial tech support,2,Month-to-month,Fiber optic,Electronic check,74.4,139.4
0256-LTHVJ,1,0,0.4925924686256842,Medium Risk,5201,High Value,2561.9734293221836,High,Month-to-month contract; Electronic check; Fiber optic service; No tech support,Offer incentive to move to a longer-term contract; Promote automatic payment enrollment; Offer discounted or trial tech support,28,Month-to-month,Fiber optic,Electronic check,81.05,2227.1
8650-RHRKE,1,1,0.6083583576111256,High Risk,4207,Medium Value,2559.3636104700054,High,Month-to-month contract; Short tenure; Electronic check; No tech support,Offer incentive to move to a longer-term contract; Promote automatic payment enrollment; Offer discounted or trial tech support,4,Month-to-month,DSL,Electronic check,29.65,118.5
7861-UVUFT,1,1,0.635104534152519,High Risk,4003,Medium Value,2542.3234502125333,High,Month-to-month contract; Electronic check; Fiber optic service; No tech support,Offer incentive to move to a longer-term contract; Promote automatic payment enrollment; Offer discounted or trial tech support,15,Month-to-month,Fiber optic,Electronic check,84.3,1308.4
2386-OWURY,0,0,0.3914543611326316,Medium Risk,6460,High Value,2528.7951729168003,High,Month-to-month contract; Electronic check; Fiber optic service; No online security,Offer incentive to move to a longer-term contract; Promote automatic payment enrollment; Bundle online security with retention offer,58,Month-to-month,Fiber optic,Electronic check,95.3,5817.7
9979-RGMZT,0,0,0.4526792411718983,Medium Risk,5545,High Value,2510.106392298176,High,Fiber optic service; No tech support; No online security; High monthly charges,Offer discounted or trial tech support; Bundle online security with retention offer; Review plan pricing or offer loyalty discount,7,One year,Fiber optic,Mailed check,94.05,633.45
5698-BQJOH,1,0,0.4489658249592037,Medium Risk,5571,High Value,2501.188610847724,High,Month-to-month contract; Electronic check; Fiber optic service; No tech support,Offer incentive to move to a longer-term contract; Promote automatic payment enrollment; Offer discounted or trial tech support,9,Month-to-month,Fiber optic,Electronic check,94.4,857.25
9638-JIQYA,0,1,0.6144809283238032,High Risk,4033,Medium Value,2478.2015839298983,High,Month-to-month contract; Short tenure; No tech support; No online security,Offer incentive to move to a longer-term contract; Offer discounted or trial tech support; Bundle online security with retention offer,2,Month-to-month,DSL,Credit card (automatic),24.9,49.7
1100-DDVRV,0,0,0.4409236731259222,Medium Risk,5575,High Value,2458.149477677016,High,Month-to-month contract; No tech support; No online security,Offer incentive to move to a longer-term contract; Offer discounted or trial tech support; Bundle online security with retention offer,17,Month-to-month,DSL,Mailed check,49.8,836.35
6304-IJFSQ,1,0,0.4397703563634705,Medium Risk,5585,High Value,2456.117440289983,High,Month-to-month contract; Short tenure; No tech support; No online security,Offer incentive to move to a longer-term contract; Offer discounted or trial tech support; Bundle online security with retention offer,3,Month-to-month,DSL,Mailed check,49.9,130.1
1346-UFHAX,0,0,0.4386383443108295,Medium Risk,5577,High Value,2446.2860462214962,High,Month-to-month contract; Fiber optic service; No tech support,Offer incentive to move to a longer-term contract; Offer discounted or trial tech support,13,Month-to-month,Fiber optic,Credit card (automatic),80.0,1029.35
0422-UXFAP,0,0,0.4045685849551927,Medium Risk,6034,High Value,2441.166841619633,High,Electronic check; Fiber optic service; No tech support; No online security,Promote automatic payment enrollment; Offer discounted or trial tech support; Bundle online security with retention offer,51,One year,Fiber optic,Electronic check,98.85,4947.55
3923-CSIHK,1,0,0.4234292398034597,Medium Risk,5746,High Value,2433.0244119106796,High,Month-to-month contract; Electronic check; Fiber optic service; No tech support,Offer incentive to move to a longer-term contract; Promote automatic payment enrollment; Offer discounted or trial tech support,50,Month-to-month,Fiber optic,Electronic check,71.05,3444.85
4223-WOZCM,0,0,0.4606952777250434,Medium Risk,5251,High Value,2419.1109033342027,High,Month-to-month contract; Short tenure; No tech support; No online security,Offer incentive to move to a longer-term contract; Offer discounted or trial tech support; Bundle online security with retention offer,2,Month-to-month,DSL,Mailed check,49.95,107.1
6710-HSJRD,0,0,0.4613247705708885,Medium Risk,5239,High Value,2416.880473020885,High,Month-to-month contract; Electronic check; Fiber optic service; No online security,Offer incentive to move to a longer-term contract; Promote automatic payment enrollment; Bundle online security with retention offer,61,Month-to-month,Fiber optic,Electronic check,114.1,7132.15
6286-SUUWT,0,0,0.4077069614043447,Medium Risk,5916,High Value,2411.994383668103,High,Month-to-month contract; Short tenure,Offer incentive to move to a longer-term contract; Trigger new-customer onboarding outreach,1,Month-to-month,No,Mailed check,19.95,19.95
2478-EEWWM,0,0,0.401678123253275,Medium Risk,5905,High Value,2371.909317810589,High,Month-to-month contract; Electronic check; No tech support; No online security,Offer incentive to move to a longer-term contract; Promote automatic payment enrollment; Offer discounted or trial tech support,59,Month-to-month,DSL,Electronic check,44.3,2666.75
6557-BZXLQ,0,0,0.4227889899068933,Medium Risk,5610,High Value,2371.8462333776715,High,Month-to-month contract; Electronic check; Fiber optic service; No tech support,Offer incentive to move to a longer-term contract; Promote automatic payment enrollment; Offer discounted or trial tech support,16,Month-to-month,Fiber optic,Electronic check,69.65,1043.3
1622-HSHSF,0,0,0.4179887853900998,Medium Risk,5607,High Value,2343.6631196822896,High,Month-to-month contract; Short tenure,Offer incentive to move to a longer-term contract; Trigger new-customer onboarding outreach,1,Month-to-month,No,Mailed check,19.55,19.55
2971-SGAFL,0,0,0.4124343198357544,Medium Risk,5631,High Value,2322.417654995133,High,Month-to-month contract; Electronic check; No tech support,Offer incentive to move to a longer-term contract; Promote automatic payment enrollment; Offer discounted or trial tech support,13,Month-to-month,DSL,Electronic check,78.75,995.35
2101-RANCD,0,0,0.3973682352933138,Medium Risk,5832,High Value,2317.451548230606,High,Month-to-month contract; Electronic check; Fiber optic service; No tech support,Offer incentive to move to a longer-term contract; Promote automatic payment enrollment; Offer discounted or trial tech support,55,Month-to-month,Fiber optic,Electronic check,73.1,4144.9
4570-QHXHL,0,0,0.4089264760194047,Medium Risk,5644,High Value,2307.98103065352,High,Month-to-month contract; Electronic check; No tech support; No online security,Offer incentive to move to a longer-term contract; Promote automatic payment enrollment; Offer discounted or trial tech support,9,Month-to-month,DSL,Electronic check,43.75,405.7
1035-IPQPU,0,0,0.443119323481495,Medium Risk,5187,High Value,2298.459930898515,High,Month-to-month contract; Electronic check; Fiber optic service; No tech support,Offer incentive to move to a longer-term contract; Promote automatic payment enrollment; Offer discounted or trial tech support,63,Month-to-month,Fiber optic,Electronic check,103.5,6479.4
0599-XNYDO,0,0,0.4208492153608986,Medium Risk,5456,High Value,2296.1533190090627,High,Month-to-month contract; Fiber optic service; No tech support; No online security,Offer incentive to move to a longer-term contract; Offer discounted or trial tech support; Bundle online security with retention offer,20,Month-to-month,Fiber optic,Bank transfer (automatic),69.8,1540.35
3679-XASPY,0,0,0.4072007474889197,Medium Risk,5612,High Value,2285.2105949078173,High,Month-to-month contract; Short tenure; Electronic check,Offer incentive to move to a longer-term contract; Promote automatic payment enrollment; Trigger new-customer onboarding outreach,1,Month-to-month,No,Electronic check,19.45,19.45
7893-IXHRQ,1,0,0.4039866767351703,Medium Risk,5636,High Value,2276.86891007942,High,Month-to-month contract; Short tenure; Electronic check,Offer incentive to move to a longer-term contract; Promote automatic payment enrollment; Trigger new-customer onboarding outreach,1,Month-to-month,No,Electronic check,20.55,20.55
9286-DOJGF,1,0,0.4395867714543585,Medium Risk,5165,High Value,2270.4656745617617,High,Month-to-month contract; Fiber optic service; No tech support; No online security,Offer incentive to move to a longer-term contract; Offer discounted or trial tech support; Bundle online security with retention offer,38,Month-to-month,Fiber optic,Bank transfer (automatic),74.95,2869.85
7579-OOPEC,1,0,0.407018196137096,Medium Risk,5461,High Value,2222.7263691046815,High,Month-to-month contract; Short tenure; No tech support; No online security,Offer incentive to move to a longer-term contract; Offer discounted or trial tech support; Bundle online security with retention offer,2,Month-to-month,DSL,Credit card (automatic),50.15,115.1
5301-GAUUY,1,0,0.3719850754310659,Medium Risk,5974,High Value,2222.2388406251875,High,Month-to-month contract; Fiber optic service; No tech support; No online security,Offer incentive to move to a longer-term contract; Offer discounted or trial tech support; Bundle online security with retention offer,32,Month-to-month,Fiber optic,Bank transfer (automatic),80.35,2596.15
3207-OYBWH,1,0,0.3542963784409504,Medium Risk,6259,High Value,2217.5410326619085,High,Month-to-month contract; Fiber optic service; No tech support; No online security,Offer incentive to move to a longer-term contract; Offer discounted or trial tech support; Bundle online security with retention offer,57,Month-to-month,Fiber optic,Bank transfer (automatic),95.25,5427.05
0778-NELLA,1,0,0.4128904461102433,Medium Risk,5352,High Value,2209.789667582022,High,Month-to-month contract; No tech support; No online security,Offer incentive to move to a longer-term contract; Offer discounted or trial tech support; Bundle online security with retention offer,9,Month-to-month,DSL,Credit card (automatic),34.7,296.1
0581-MDMPW,0,0,0.397382751719643,Medium Risk,5557,High Value,2208.255951306056,High,Month-to-month contract; Fiber optic service; No tech support; No online security,Offer incentive to move to a longer-term contract; Offer discounted or trial tech support; Bundle online security with retention offer,24,Month-to-month,Fiber optic,Credit card (automatic),88.95,2072.75
1965-DDBWU,1,0,0.3703932529423089,Medium Risk,5953,High Value,2204.951034765565,High,Month-to-month contract; Fiber optic service; No online security,Offer incentive to move to a longer-term contract; Bundle online security with retention offer,16,Month-to-month,Fiber optic,Credit card (automatic),89.05,1448.6
8058-DMYRU,0,0,0.4191427172354149,Medium Risk,5232,High Value,2192.954696575691,High,Month-to-month contract; Electronic check; Fiber optic service; No tech support,Offer incentive to move to a longer-term contract; Promote automatic payment enrollment; Offer discounted or trial tech support,54,Month-to-month,Fiber optic,Electronic check,90.05,4931.8
6815-ABQFQ,0,0,0.3741470933024419,Medium Risk,5800,High Value,2170.053141154163,High,Electronic check; Fiber optic service; No online security; High monthly charges,Promote automatic payment enrollment; Bundle online security with retention offer; Review plan pricing or offer loyalty discount,56,One year,Fiber optic,Electronic check,107.25,6033.3
4840-ORQXB,0,0,0.4034133953409314,Medium Risk,5128,High Value,2068.703891308296,High,Month-to-month contract; Electronic check; Fiber optic service; No tech support,Offer incentive to move to a longer-term contract; Promote automatic payment enrollment; Offer discounted or trial tech support,56,Month-to-month,Fiber optic,Electronic check,104.75,5841.35
3540-RZJYU,1,0,0.3523350335887185,Medium Risk,5829,High Value,2053.76091078864,High,Month-to-month contract; Electronic check; Fiber optic service; No tech support,Offer incentive to move to a longer-term contract; Promote automatic payment enrollment; Offer discounted or trial tech support,15,Month-to-month,Fiber optic,Electronic check,86.2,1270.2
6733-LRIZX,0,0,0.3476790023553627,Medium Risk,5903,High Value,2052.3491509037062,High,Electronic check; Fiber optic service; High monthly charges,Promote automatic payment enrollment; Review plan pricing or offer loyalty discount,35,Two year,Fiber optic,Electronic check,108.95,4025.5
0823-HSCDJ,1,0,0.3643403330571464,Medium Risk,5597,High Value,2039.2128441208486,High,Month-to-month contract; Electronic check; No tech support; No online security,Offer incentive to move to a longer-term contract; Promote automatic payment enrollment; Offer discounted or trial tech support,52,Month-to-month,DSL,Electronic check,49.15,2550.9
2293-IJWPS,0,0,0.3207307736508212,Medium Risk,6354,High Value,2037.9233357773178,High,Fiber optic service; No tech support; No online security; High monthly charges,Offer discounted or trial tech support; Bundle online security with retention offer; Review plan pricing or offer loyalty discount,57,One year,Fiber optic,Credit card (automatic),100.75,5985.0
8696-JKZNU,1,0,0.3462920355777119,Medium Risk,5859,High Value,2028.925036449814,High,Month-to-month contract; Electronic check; Fiber optic service; No tech support,Offer incentive to move to a longer-term contract; Promote automatic payment enrollment; Offer discounted or trial tech support,37,Month-to-month,Fiber optic,Electronic check,76.25,2841.55
3976-NLDEZ,0,0,0.3761205852009904,Medium Risk,5370,High Value,2019.7675425293185,High,Month-to-month contract; Short tenure,Offer incentive to move to a longer-term contract; Trigger new-customer onboarding outreach,1,Month-to-month,No,Mailed check,20.6,20.6
1357-BIJKI,0,0,0.3890216313223449,Medium Risk,5154,High Value,2005.0174878353657,High,Electronic check; Fiber optic service; No tech support; No online security,Promote automatic payment enrollment; Offer discounted or trial tech support; Bundle online security with retention offer,50,One year,Fiber optic,Electronic check,98.25,4858.7
9112-WSNPU,0,0,0.3411559748629816,Medium Risk,5873,High Value,2003.609040370291,High,Month-to-month contract; Electronic check; Fiber optic service; No tech support,Offer incentive to move to a longer-term contract; Promote automatic payment enrollment; Offer discounted or trial tech support,35,Month-to-month,Fiber optic,Electronic check,70.55,2419.0
2452-KDRRH,0,0,0.374426834147961,Medium Risk,5269,High Value,1972.8549891256066,High,Month-to-month contract; Fiber optic service; No tech support; No online security,Offer incentive to move to a longer-term contract; Offer discounted or trial tech support; Bundle online security with retention offer,67,Month-to-month,Fiber optic,Credit card (automatic),101.4,6841.05
2190-BCXEC,0,0,0.3712473488146671,Medium Risk,5257,High Value,1951.6473127187048,High,Month-to-month contract; Fiber optic service; No online security,Offer incentive to move to a longer-term contract; Bundle online security with retention offer,40,Month-to-month,Fiber optic,Credit card (automatic),78.85,3126.85
4993-JCRGJ,0,0,0.3566347844529297,Medium Risk,5471,High Value,1951.1489057419783,High,Month-to-month contract; Fiber optic service; No online security,Offer incentive to move to a longer-term contract; Bundle online security with retention offer,26,Month-to-month,Fiber optic,Mailed check,84.3,2281.6
9710-ZUSHQ,1,0,0.3298676327590446,Medium Risk,5849,High Value,1929.395784007652,High,Month-to-month contract; Fiber optic service; No tech support; High monthly charges,Offer incentive to move to a longer-term contract; Offer discounted or trial tech support; Review plan pricing or offer loyalty discount,37,Month-to-month,Fiber optic,Bank transfer (automatic),106.75,4056.75
1493-AMTIE,1,0,0.345999521287446,Medium Risk,5394,High Value,1866.3214178244837,High,Month-to-month contract; Short tenure,Offer incentive to move to a longer-term contract; Trigger new-customer onboarding outreach,1,Month-to-month,No,Bank transfer (automatic),20.2,20.2
2307-FYNNL,0,0,0.3276369445162896,Medium Risk,5692,High Value,1864.9094881867204,High,Electronic check; Fiber optic service; High monthly charges,Promote automatic payment enrollment; Review plan pricing or offer loyalty discount,65,Two year,Fiber optic,Electronic check,109.05,7108.2
3466-RITXD,0,0,0.3342814939302647,Medium Risk,5461,High Value,1825.5112383531755,High,Month-to-month contract; Fiber optic service; No tech support; High monthly charges,Offer incentive to move to a longer-term contract; Offer discounted or trial tech support; Review plan pricing or offer loyalty discount,26,Month-to-month,Fiber optic,Credit card (automatic),92.4,2349.8
6227-HWPWX,1,0,0.319055346080548,Medium Risk,5671,High Value,1809.3628676227875,High,Month-to-month contract; Fiber optic service; No tech support; No online security,Offer incentive to move to a longer-term contract; Offer discounted or trial tech support; Bundle online security with retention offer,15,Month-to-month,Fiber optic,Bank transfer (automatic),69.0,994.8
9254-RBFON,1,0,0.3493069211321045,Medium Risk,5160,High Value,1802.423713041659,High,Fiber optic service; No online security; High monthly charges,Bundle online security with retention offer; Review plan pricing or offer loyalty discount,17,One year,Fiber optic,Bank transfer (automatic),98.6,1704.95
9079-YEXQJ,1,0,0.3169295984239593,Medium Risk,5527,High Value,1751.669890489223,High,Month-to-month contract; Electronic check; Fiber optic service; No online security,Offer incentive to move to a longer-term contract; Promote automatic payment enrollment; Bundle online security with retention offer,54,Month-to-month,Fiber optic,Electronic check,111.1,6014.85
4892-VLANZ,1,0,0.3123466022831245,Medium Risk,5600,High Value,1749.140972785497,High,Month-to-month contract; Short tenure,Offer incentive to move to a longer-term contract; Trigger new-customer onboarding outreach,1,Month-to-month,No,Mailed check,19.8,19.8
7277-OZCGZ,0,0,0.315574439498851,Medium Risk,5479,High Value,1729.0323540142047,High,Month-to-month contract; Electronic check; Fiber optic service,Offer incentive to move to a longer-term contract; Promote automatic payment enrollment,22,Month-to-month,Fiber optic,Electronic check,89.05,1886.25
0015-UOCOJ,0,0,0.3092576330349932,Medium Risk,5525,High Value,1708.6484225183374,High,Month-to-month contract; Electronic check; No tech support,Offer incentive to move to a longer-term contract; Promote automatic payment enrollment; Offer discounted or trial tech support,7,Month-to-month,DSL,Electronic check,48.2,340.35
7495-OOKFY,1,0,0.3130985810680152,Medium Risk,5302,High Value,1660.0486768226165,High,Month-to-month contract; Fiber optic service; No tech support; No online security,Offer incentive to move to a longer-term contract; Offer discounted or trial tech support; Bundle online security with retention offer,8,Month-to-month,Fiber optic,Credit card (automatic),80.65,633.3
