source_index,actual_churn,predicted_churn,churn_probability,risk_level
684,1,1,0.9299543731443429,High
1203,1,1,0.9225864888425032,High
1756,1,1,0.9223730283859477,High
1818,1,1,0.9223360499653167,High
886,1,1,0.9153174743741657,High
590,1,1,0.9144100340706269,High
641,1,1,0.911751789280227,High
1681,1,1,0.9078739016473929,High
1387,1,1,0.9012147796182762,High
579,1,1,0.8957303161105075,High
1538,1,1,0.8936522763805598,High
598,1,1,0.8929963336546509,High
1827,1,1,0.891325373122716,High
1044,1,1,0.8909233580660848,High
719,1,1,0.8908515107012633,High
158,1,1,0.886613143794203,High
1782,1,1,0.886326507455712,High
282,1,1,0.8837863520780304,High
4481,0,1,0.8831754815665048,High
6213,0,1,0.8782236298861237,High
1760,1,1,0.8774281668513648,High
623,1,1,0.8735949236881128,High
1570,1,1,0.8735949236881128,High
172,1,1,0.8735533560100023,High
1225,1,1,0.8717925878990649,High
731,1,1,0.8716163869727069,High
1028,1,1,0.8710957278880047,High
3732,0,1,0.8707286198313076,High
619,1,1,0.8661799751696049,High
978,1,1,0.8660278526042269,High
370,1,1,0.8638028113742259,High
4341,0,1,0.8628146739769555,High
2567,0,1,0.8615263986977949,High
98,1,1,0.8591591601162107,High
808,1,1,0.8585247138530617,High
3712,0,1,0.8582067827008303,High
3364,0,1,0.8578408565975398,High
1213,1,1,0.8547998978917716,High
1534,1,1,0.8547998978917716,High
758,1,1,0.8518146480125427,High
1933,0,1,0.8492238657079166,High
3549,0,1,0.8435547400787488,High
6702,0,1,0.8396588697757952,High
236,1,1,0.8392822661901789,High
1510,1,1,0.8392660770909316,High
446,1,1,0.8392260219226952,High
753,1,1,0.8369029116615636,High
453,1,1,0.8369029116615636,High
964,1,1,0.8347031303172943,High
1497,1,1,0.8347031303172943,High
1416,1,1,0.8347031303172943,High
464,1,1,0.8347031303172943,High
200,1,1,0.8347031303172943,High
4030,0,1,0.8347031303172943,High
456,1,1,0.8347031303172943,High
362,1,1,0.8320272094458262,High
4845,0,1,0.829206413958866,High
652,1,1,0.8273581790113368,High
713,1,1,0.8266683553931622,High
1635,1,1,0.8191050740196645,High
1337,1,1,0.8159288850193299,High
6011,0,1,0.8141506564112111,High
470,1,1,0.8121156820907963,High
145,1,1,0.8068062785986099,High
3602,0,1,0.8035487290957815,High
89,1,1,0.8016656145666071,High
1339,1,1,0.79624889709665,High
1106,1,1,0.7883374403020267,High
1212,1,1,0.7881061777831707,High
375,1,1,0.7852733949910735,High
655,1,1,0.7812123819294444,High
1633,1,1,0.7798155241026056,High
6167,0,1,0.7797638865991708,High
1615,1,1,0.7791501201621107,High
809,1,1,0.7791417495818437,High
795,1,1,0.7729991294267913,High
482,1,1,0.7721369983268439,High
988,1,1,0.7690106882298539,High
1314,1,1,0.7681409294175253,High
1481,1,1,0.7677076592072157,High
1868,1,1,0.767389789264876,High
1459,1,1,0.7644563718646941,High
297,1,1,0.7604811162939373,High
4730,0,1,0.7593099954016574,High
349,1,1,0.7575785248386496,High
452,1,1,0.7506300339399335,High
47,1,1,0.7488479999323967,High
129,1,1,0.7473564147666184,High
1848,1,1,0.7466956177259333,High
1092,1,1,0.7466956177259333,High
1727,1,1,0.7465106475127942,High
4464,0,1,0.7441897419294897,High
1053,1,1,0.7441011641787154,High
1404,1,1,0.7430433897385977,High
574,1,1,0.7396521784642832,High
732,1,1,0.7391462062629262,High
1350,1,1,0.7379097638533616,High
654,1,1,0.7373472929194276,High
607,1,1,0.7366542977264562,High
637,1,1,0.7361173784504773,High
3222,0,1,0.7339502024061293,High
917,1,1,0.7327370147147988,High
1853,1,1,0.7311746736132421,High
1808,1,1,0.7298807597166975,High
1323,1,1,0.7286858381691529,High
5745,0,1,0.7280968581077819,High
762,1,1,0.7280371557097696,High
284,1,1,0.7255052000662054,High
4797,0,1,0.7224638946049877,High
5570,0,1,0.7205870295553428,High
1139,1,1,0.7194348444769856,High
6550,0,1,0.7191537168816133,High
571,1,1,0.7161525480684159,High
63,1,1,0.7160463810196952,High
5638,0,1,0.7158974095788597,High
2684,0,1,0.7146663715826939,High
1859,1,1,0.7097393249670937,High
799,1,1,0.7088423220146128,High
135,1,1,0.7068308983614614,High
1671,1,1,0.7033584598035617,High
803,1,1,0.7026249563372317,High
354,1,1,0.7013537174488153,High
1580,1,1,0.6999830906579348,High
783,1,1,0.6934051915214917,High
985,1,1,0.6914902303579997,High
6932,0,1,0.6914738947067136,High
5599,0,1,0.6903678447774345,High
1148,1,1,0.6893303559148628,High
6145,0,1,0.6884478322375114,High
1745,1,1,0.6863574278957767,High
1514,1,1,0.6854850026570968,High
1719,1,1,0.6831378304011656,High
1170,1,1,0.6797161314283393,High
2131,0,1,0.6796867241065975,High
502,1,1,0.6792987011658116,High
1698,1,1,0.6774332320319743,High
1609,1,1,0.6774332320319743,High
4232,0,1,0.6774332320319743,High
1878,0,1,0.6749295971880336,High
2666,0,1,0.6740809729794777,High
223,1,1,0.673744932039188,High
810,1,1,0.6735307719283279,High
3025,0,1,0.6730091528172875,High
1657,1,1,0.6715763248922894,High
1272,1,1,0.668031192466514,High
5301,0,1,0.668031192466514,High
1198,1,1,0.668031192466514,High
418,1,1,0.665317200139615,High
144,1,1,0.6636690805252774,High
462,1,1,0.6621299161649266,High
2582,0,1,0.658371475630979,High
6514,0,1,0.6565637388185681,High
3071,0,1,0.6532860420739693,High
1485,1,1,0.6498542911407881,High
1293,1,1,0.6498205155970285,High
2763,0,1,0.6491851373898108,High
387,1,1,0.6485212278497791,High
1311,1,1,0.6467602669563876,High
717,1,1,0.6458511265932761,High
4941,0,1,0.6454455730106544,High
926,1,1,0.644481411997422,High
3450,0,1,0.6443853491602543,High
1354,1,1,0.6407832888523586,High
569,1,1,0.6395881295397408,High
931,1,1,0.638759916103322,High
570,1,1,0.6368979948366521,High
374,1,1,0.635104534152519,High
1016,1,1,0.6346184575182062,High
893,1,1,0.6345927029668974,High
6025,0,1,0.6344131909921299,High
1356,1,1,0.6340723542077699,High
227,1,1,0.6327126870630183,High
1220,1,1,0.6307056952218676,High
2557,0,1,0.6285728696048203,High
1032,1,1,0.6281992571882814,High
287,1,1,0.6267552755175496,High
3679,0,1,0.6245467755686951,High
1517,1,1,0.6227880948682311,High
224,1,1,0.6211538816590103,High
367,1,1,0.6188784892112907,High
1817,1,1,0.6170435385636025,High
702,1,1,0.6148524225515044,High
2788,0,1,0.6145339927719404,High
6384,0,1,0.6144809283238032,High
1599,1,1,0.6133040161255182,High
6613,0,1,0.6118305800216637,High
6096,0,1,0.6097703709796066,High
6493,0,1,0.609126379089531,High
404,1,1,0.608443432682479,High
1630,1,1,0.6083583576111256,High
1845,1,1,0.60777336664118,High
365,1,1,0.6065627762813552,High
4562,0,1,0.6057654333226999,High
1204,1,1,0.6056079331070992,High
1422,1,1,0.6040717611862061,High
1310,1,1,0.6029403997874266,High
1130,1,1,0.6028525041315694,High
1774,1,1,0.602791556631471,High
238,1,1,0.602791556631471,High
2253,0,1,0.6027470615361441,High
5463,0,1,0.6022826338170977,High
588,1,1,0.6019309869674309,High
124,1,1,0.6017022899770548,High
662,1,1,0.5999348185632486,Medium
807,1,1,0.5954957721678391,Medium
4986,0,1,0.5944887583886488,Medium
162,1,1,0.5944887583886488,Medium
6044,0,1,0.5944887583886488,Medium
1164,1,1,0.5943044531933231,Medium
5169,0,1,0.5921130720219551,Medium
1161,1,1,0.5913901657590404,Medium
6537,0,1,0.5911838202244186,Medium
1411,1,1,0.5904235400349302,Medium
4760,0,1,0.5894702928425484,Medium
5948,0,1,0.5890639504089249,Medium
477,1,1,0.5885473562538663,Medium
3556,0,1,0.5885473562538663,Medium
2093,0,1,0.5883766531177845,Medium
1018,1,1,0.5875111087526855,Medium
4666,0,1,0.586190555476804,Medium
1271,1,1,0.5860849658850031,Medium
796,1,1,0.5842118980128098,Medium
875,1,1,0.5842118980128098,Medium
4131,0,1,0.5842118980128098,Medium
406,1,1,0.5842118980128098,Medium
1279,1,1,0.5835096905071073,Medium
6688,0,1,0.5825586611383026,Medium
490,1,1,0.5803578664228629,Medium
2691,0,1,0.5791170315945209,Medium
830,1,1,0.5778530307221801,Medium
5364,0,1,0.5776453858809949,Medium
1665,1,1,0.5775554035046468,Medium
1776,1,1,0.5757408050674316,Medium
834,1,1,0.5756653109642205,Medium
5546,0,1,0.5725305265741258,Medium
6510,0,1,0.5718207475713297,Medium
6460,0,1,0.5638560363974504,Medium
1447,1,1,0.5637275650058025,Medium
925,1,1,0.5627619616245984,Medium
5173,0,1,0.5609710770344348,Medium
4062,0,1,0.559128766831894,Medium
3997,0,1,0.5573405237351243,Medium
2741,0,1,0.5573017501477939,Medium
4874,0,1,0.557187368552626,Medium
4459,0,1,0.556321401271612,Medium
656,1,1,0.5545955244583648,Medium
2720,0,1,0.552705647824314,Medium
4683,0,1,0.5522768017778037,Medium
826,1,1,0.5515797123951485,Medium
6925,0,1,0.5511775472658417,Medium
6467,0,1,0.5500948074583917,Medium
2343,0,1,0.549306593451654,Medium
525,1,1,0.548760750739494,Medium
1286,1,1,0.5486829970507618,Medium
380,1,1,0.5473789869537689,Medium
280,1,1,0.5467633419570435,Medium
2885,0,1,0.5467633419570435,Medium
1546,1,1,0.5467633419570435,Medium
3866,0,1,0.5465669849734354,Medium
4920,0,1,0.5465517284879209,Medium
1360,1,1,0.5462631950679875,Medium
1256,1,1,0.546134474920544,Medium
6012,0,1,0.5459297715470417,Medium
2787,0,1,0.5435840414972225,Medium
399,1,1,0.5413489008900091,Medium
5060,0,1,0.5412186147669948,Medium
2149,0,1,0.5412022351256898,Medium
5015,0,1,0.5408454577722286,Medium
915,1,1,0.5367071968192514,Medium
33,1,1,0.5355724360163285,Medium
5400,0,1,0.5340458775998224,Medium
5588,0,1,0.5314930337556681,Medium
1083,1,1,0.5314623858520549,Medium
2432,0,1,0.5310234728148266,Medium
1732,1,1,0.5296199039841231,Medium
1029,1,1,0.5291925368896958,Medium
6819,0,1,0.5276619527450686,Medium
918,1,1,0.5276118674391004,Medium
3339,0,1,0.5267591512433241,Medium
2015,0,1,0.5264370619655238,Medium
7022,0,1,0.5263538995973986,Medium
4868,0,1,0.5248355036913868,Medium
961,1,1,0.5248085533416893,Medium
999,1,1,0.5244121090578201,Medium
4012,0,1,0.5222855139919882,Medium
5883,0,1,0.5199987898979502,Medium
257,1,1,0.5195579045571586,Medium
3991,0,1,0.5193637067442921,Medium
6295,0,1,0.5182847941272003,Medium
2934,0,1,0.5175207297500383,Medium
4304,0,1,0.5147655849285083,Medium
533,1,1,0.5147489441531667,Medium
3863,0,1,0.5137794832540754,Medium
6060,0,1,0.5132051281340914,Medium
6551,0,1,0.5118530827300998,Medium
489,1,1,0.5112847908584971,Medium
5153,0,1,0.5112847908584971,Medium
6845,0,1,0.5095696059917674,Medium
5379,0,1,0.5087742521618417,Medium
691,1,1,0.5053773527503186,Medium
193,1,1,0.5046761771286483,Medium
555,1,1,0.5041260219549561,Medium
857,1,1,0.5032872519568303,Medium
4504,0,1,0.5032192848509989,Medium
881,1,1,0.5025782001176982,Medium
4741,0,1,0.5002292903197713,Medium
2797,0,0,0.4978081662132636,Medium
44,1,0,0.4976847973230348,Medium
6546,0,0,0.4958515062020663,Medium
972,1,0,0.49381909363667326,Medium
4312,0,0,0.4936722607704888,Medium
112,1,0,0.49259246862568423,Medium
1086,1,0,0.49195198627456455,Medium
3924,0,0,0.49155566020223473,Medium
725,1,0,0.49119898936414086,Medium
422,1,0,0.49102143248011976,Medium
4923,0,0,0.4893727823711729,Medium
5245,0,0,0.4892408648060422,Medium
6452,0,0,0.48874021644929644,Medium
5081,0,0,0.4881230282115733,Medium
277,1,0,0.48735362470509835,Medium
5341,0,0,0.48698275537329816,Medium
4195,0,0,0.48606689448659984,Medium
1027,1,0,0.4857203275625896,Medium
4427,0,0,0.48286226435199875,Medium
770,1,0,0.48276168542789344,Medium
4643,0,0,0.4817293630355169,Medium
5238,0,0,0.480251151325201,Medium
194,1,0,0.47878554684717545,Medium
1048,1,0,0.4781499641965362,Medium
750,1,0,0.47499744837022356,Medium
2914,0,0,0.47499744837022356,Medium
605,1,0,0.4741756245703185,Medium
2381,0,0,0.4740987161416476,Medium
2071,0,0,0.472968372036737,Medium
3975,0,0,0.4716378656748291,Medium
5862,0,0,0.4713715437016123,Medium
3502,0,0,0.4676720884677898,Medium
519,1,0,0.46745694008906613,Medium
5163,0,0,0.4652582266059334,Medium
4130,0,0,0.4648474307860906,Medium
2394,0,0,0.46439530278231356,Medium
2286,0,0,0.4637688985702698,Medium
1988,0,0,0.46347939889112955,Medium
102,1,0,0.4632797024729176,Medium
2066,0,0,0.46269085036617286,Medium
3466,0,0,0.46139387566932166,Medium
4707,0,0,0.46132477057088855,Medium
4937,0,0,0.46069527772504343,Medium
4550,0,0,0.4598351966648931,Medium
4359,0,0,0.45950056618864543,Medium
495,1,0,0.4591182226368912,Medium
4783,0,0,0.45886663271171607,Medium
6857,0,0,0.4565574280965447,Medium
428,1,0,0.45505913562838085,Medium
2629,0,0,0.45446585834272774,Medium
6738,0,0,0.4526792411718983,Medium
494,1,0,0.4524660261881845,Medium
240,1,0,0.44923338303884663,Medium
18,1,0,0.44896582495920373,Medium
6420,0,0,0.4489215486354493,Medium
252,1,0,0.4481450049024865,Medium
1358,1,0,0.4481450049024865,Medium
5644,0,0,0.44769699755359055,Medium
980,1,0,0.44708580193751213,Medium
4780,0,0,0.44515466780085855,Medium
3440,0,0,0.44484406367742435,Medium
1336,1,0,0.4444260206783499,Medium
2111,0,0,0.4439258615473374,Medium
4630,0,0,0.44333112265138247,Medium
7027,0,0,0.443119323481495,Medium
5214,0,0,0.4409236731259222,Medium
6343,0,0,0.4399344900316608,Medium
1857,1,0,0.4397703563634705,Medium
1676,1,0,0.43958677145435854,Medium
2739,0,0,0.43863834431082954,Medium
149,1,0,0.4385983778396211,Medium
1012,1,0,0.43735627931310367,Medium
5162,0,0,0.4370386518476823,Medium
268,1,0,0.4356899970968627,Medium
879,1,0,0.43372466303149515,Medium
778,1,0,0.43268250387261753,Medium
2732,0,0,0.43114018282109123,Medium
3800,0,0,0.4309825163620305,Medium
1424,1,0,0.42799086161605276,Medium
4700,0,0,0.42756999642096755,Medium
1405,1,0,0.42598659650412257,Medium
1362,1,0,0.42572469974837607,Medium
2639,0,0,0.4256634501093014,Medium
791,1,0,0.42342923980345976,Medium
1357,1,0,0.42340556234802745,Medium
3369,0,0,0.4227889899068933,Medium
784,1,0,0.42111197322568406,Medium
5237,0,0,0.4208492153608986,Medium
1685,1,0,0.42009838601884825,Medium
3227,0,0,0.4191427172354149,Medium
5425,0,0,0.418957989320076,Medium
397,1,0,0.41872768878013156,Medium
315,1,0,0.41819308863739896,Medium
5402,0,0,0.41798878539009987,Medium
797,1,0,0.4138628994318957,Medium
1454,1,0,0.4128904461102433,Medium
71,1,0,0.41282150017093344,Medium
6169,0,0,0.41243431983575446,Medium
6997,0,0,0.40964080817421394,Medium
4722,0,0,0.40892647601940474,Medium
3869,0,0,0.40850983327573526,Medium
1475,1,0,0.4081559615853953,Medium
2897,0,0,0.40785710858760216,Medium
6087,0,0,0.40770696140434476,Medium
6361,0,0,0.40770696140434476,Medium
5105,0,0,0.4072081306258818,Medium
1946,0,0,0.40720074748891977,Medium
952,1,0,0.40701819613709606,Medium
3024,0,0,0.40656278722843325,Medium
11,1,0,0.4052744594042714,Medium
6992,0,0,0.4045685849551927,Medium
383,1,0,0.40398667673517036,Medium
4434,0,0,0.40341339534093146,Medium
186,1,0,0.40201064171278333,Medium
6621,0,0,0.401678123253275,Medium
3929,0,0,0.39738275171964305,Medium
6576,0,0,0.3973682352933138,Medium
2373,0,0,0.39681677654492037,Medium
75,1,0,0.39612996087900215,Medium
601,1,0,0.3929462673216553,Medium
4659,0,0,0.39145436113263166,Medium
1620,1,0,0.39114771461748715,Medium
4718,0,0,0.38902163132234496,Medium
4955,0,0,0.3844335389487272,Medium
460,1,0,0.3827416997188554,Medium
4757,0,0,0.3823444774764169,Medium
5225,0,0,0.3812048651721073,Medium
4685,0,0,0.3782077088307199,Medium
5720,0,0,0.37612058520099045,Medium
1471,1,0,0.374974755393711,Medium
3985,0,0,0.374426834147961,Medium
2288,0,0,0.3741470933024419,Medium
3786,0,0,0.37399365128683043,Medium
1527,1,0,0.37398022010354565,Medium
5021,0,0,0.3739790214788644,Medium
140,1,0,0.3719850754310659,Medium
3409,0,0,0.37124734881466714,Medium
977,1,0,0.3703932529423089,Medium
2987,0,0,0.37034205302497386,Medium
4543,0,0,0.3699912299491935,Medium
5565,0,0,0.3685934660842369,Medium
3918,0,0,0.368436097157377,Medium
6071,0,0,0.3676446196997214,Medium
3828,0,0,0.3672094275230704,Medium
2931,0,0,0.36704194722052796,Medium
4313,0,0,0.36525073951614695,Medium
2189,0,0,0.364412773775188,Medium
170,1,0,0.3643403330571464,Medium
2945,0,0,0.36428112356084996,Medium
2273,0,0,0.36381263914044415,Medium
617,1,0,0.3604078593736802,Medium
4602,0,0,0.35663478445292973,Medium
1325,1,0,0.35657284251568805,Medium
582,1,0,0.3542963784409504,Medium
1237,1,0,0.354130368568536,Medium
1216,1,0,0.3523350335887185,Medium
430,1,0,0.3522202812048645,Medium
2408,0,0,0.35176704227008687,Medium
4426,0,0,0.35154847944744855,Medium
6039,0,0,0.3512283568260698,Medium
414,1,0,0.3493069211321045,Medium
4581,0,0,0.34775229421621007,Medium
6282,0,0,0.34767900235536275,Medium
115,1,0,0.3476059085453347,Medium
2443,0,0,0.346527426638859,Medium
1268,1,0,0.3462920355777119,Medium
1482,1,0,0.345999521287446,Medium
4495,0,0,0.3437738117776286,Medium
638,1,0,0.34374563380435946,Medium
6154,0,0,0.34115597486298166,Medium
3200,0,0,0.3410363068825847,Medium
2449,0,0,0.3399692776295504,Medium
493,1,0,0.3386997877510865,Medium
5821,0,0,0.33825860025888854,Medium
261,1,0,0.33824978569715614,Medium
3123,0,0,0.3360563424631056,Medium
1169,1,0,0.3356192554374011,Medium
5046,0,0,0.3355671316039927,Medium
581,1,0,0.3351219352584098,Medium
6572,0,0,0.33428149393026474,Medium
2379,0,0,0.3342496834325203,Medium
1262,1,0,0.3338146164867436,Medium
7028,0,0,0.33369104985101616,Medium
6876,0,0,0.3308497882379144,Medium
848,1,0,0.3298676327590446,Medium
6725,0,0,0.3295447210212184,Medium
840,1,0,0.32898235384570584,Medium
1557,1,0,0.32890424661201983,Medium
4928,0,0,0.3288075406636087,Medium
5838,0,0,0.3283437690010643,Medium
6178,0,0,0.3281596853346552,Medium
3181,0,0,0.32763694451628966,Medium
431,1,0,0.32633397769474176,Medium
6365,0,0,0.3261114763829061,Medium
250,1,0,0.32550726473544467,Medium
6630,0,0,0.3228408556895811,Medium
6364,0,0,0.3223478791125017,Medium
2860,0,0,0.32073077365082125,Medium
1641,1,0,0.32001493723675495,Medium
4747,0,0,0.31962567928537466,Medium
120,1,0,0.31905534608054803,Medium
1812,1,0,0.31692959842395935,Medium
2101,0,0,0.31557443949885106,Medium
2828,0,0,0.3153660575055241,Medium
4770,0,0,0.31410722085367027,Medium
16,1,0,0.3130985810680152,Medium
1070,1,0,0.3123466022831245,Medium
1967,0,0,0.3123466022831245,Medium
657,1,0,0.3123466022831245,Medium
825,1,0,0.3123466022831245,Medium
4637,0,0,0.3122175593722369,Medium
6434,0,0,0.31174106536326174,Medium
5732,0,0,0.3098521940025318,Medium
3547,0,0,0.30925763303499326,Medium
5506,0,0,0.3088808808196467,Medium
5243,0,0,0.30503929351463466,Medium
6643,0,0,0.304492427792627,Medium
440,1,0,0.3044708613289413,Medium
3533,0,0,0.30409488166971055,Medium
3925,0,0,0.30355324567785924,Medium
891,1,0,0.30060860703798736,Medium
829,1,0,0.3002963457478765,Medium
7035,0,0,0.29989536641407377,Low
5850,0,0,0.29989536641407377,Low
6015,0,0,0.29948689892351155,Low
4069,0,0,0.2978979871431401,Low
1253,1,0,0.29659416052860993,Low
3180,0,0,0.2944561157342263,Low
3853,0,0,0.29316433221179494,Low
3074,0,0,0.2917285875306712,Low
5843,0,0,0.29139739253255414,Low
6424,0,0,0.29118976098210186,Low
4262,0,0,0.29021575024096097,Low
3437,0,0,0.2901812290280832,Low
2536,0,0,0.29000160530098035,Low
5059,0,0,0.2879689576905579,Low
5183,0,0,0.28698409528624225,Low
2715,0,0,0.2869264982329362,Low
53,1,0,0.2862215453957416,Low
2929,0,0,0.2832869595666688,Low
4635,0,0,0.2808203605966536,Low
3187,0,0,0.27831263266681416,Low
6005,0,0,0.27714794863433906,Low
5592,0,0,0.2745677279429519,Low
3851,0,0,0.27376110192614916,Low
3934,0,0,0.273734492613771,Low
1824,1,0,0.27338812497119425,Low
3087,0,0,0.27270263736065176,Low
6210,0,0,0.27176449218838644,Low
5578,0,0,0.2713808617725283,Low
5266,0,0,0.271164182854263,Low
6137,0,0,0.27058540274455317,Low
4577,0,0,0.2686802373878827,Low
5635,0,0,0.2681350179378601,Low
1513,1,0,0.26755352732056126,Low
923,1,0,0.26742649440510835,Low
6368,0,0,0.2671639571476232,Low
1240,1,0,0.26438720915910874,Low
3035,0,0,0.2642594553363772,Low
6677,0,0,0.2642582754978431,Low
6954,0,0,0.2638751299773979,Low
528,1,0,0.2621489539918394,Low
134,1,0,0.25979214569952036,Low
5179,0,0,0.2589942199055698,Low
3144,0,0,0.25843261253156397,Low
1307,1,0,0.25805414894034706,Low
3551,0,0,0.25802164536200106,Low
5681,0,0,0.2572400269318924,Low
4354,0,0,0.2553645918475389,Low
2406,0,0,0.2530055819729984,Low
43,1,0,0.24919926263561296,Low
6620,0,0,0.24838553974096303,Low
5513,0,0,0.24808032358221113,Low
2991,0,0,0.24803081713129935,Low
415,1,0,0.24761172840634413,Low
389,1,0,0.24739899277628327,Low
4318,0,0,0.24666969165225208,Low
1235,1,0,0.24666969165225208,Low
4437,0,0,0.24533729222671788,Low
1340,1,0,0.244496026820481,Low
709,1,0,0.2434212991384308,Low
1010,1,0,0.24265635456068907,Low
2104,0,0,0.24208601190781562,Low
15,1,0,0.24079864156827938,Low
3661,0,0,0.24050985286635795,Low
5723,0,0,0.24041322122812817,Low
6655,0,0,0.23905213384320934,Low
4442,0,0,0.236686881463351,Low
1553,1,0,0.23560640875210304,Low
6592,0,0,0.23553378681846546,Low
6362,0,0,0.2353418485338646,Low
6976,0,0,0.23507070207144806,Low
2540,0,0,0.23469910988180573,Low
303,1,0,0.23339142158015097,Low
4572,0,0,0.23208010525909192,Low
6068,0,0,0.23128517943009158,Low
2368,0,0,0.23105228265571054,Low
5448,0,0,0.2302481401633811,Low
2154,0,0,0.22972593633919275,Low
4201,0,0,0.22930563752398372,Low
1689,1,0,0.2285137859969439,Low
1778,1,0,0.2281150342289811,Low
5309,0,0,0.22721572360584283,Low
4324,0,0,0.22718112684577543,Low
3008,0,0,0.22500870602397172,Low
3931,0,0,0.22482167319876017,Low
2023,0,0,0.22443628088824244,Low
843,1,0,0.22420175069829315,Low
1743,1,0,0.2225313101648777,Low
5556,0,0,0.22248785870048587,Low
3837,0,0,0.2223691506323345,Low
5,1,0,0.22213841845469876,Low
5204,0,0,0.22134094154063008,Low
4005,0,0,0.22043680934377052,Low
1316,1,0,0.21946752218562782,Low
5966,0,0,0.21919530071137283,Low
6396,0,0,0.2179756166891894,Low
1729,1,0,0.21797004005654835,Low
1450,1,0,0.21759464171645823,Low
3265,0,0,0.21744001467878032,Low
2058,0,0,0.2171709511629205,Low
1850,1,0,0.21501673014667214,Low
5136,0,0,0.2139728023732128,Low
4027,0,0,0.21372503064536855,Low
4851,0,0,0.21357766835231298,Low
6419,0,0,0.21251935461095306,Low
837,1,0,0.212328539091867,Low
2507,0,0,0.21167878591335085,Low
6324,0,0,0.211626770052694,Low
3907,0,0,0.2105168398877328,Low
2324,0,0,0.21049546149732062,Low
3017,0,0,0.2102115259252378,Low
1795,1,0,0.2098635543545426,Low
4212,0,0,0.20797927722907844,Low
6123,0,0,0.2073483789115276,Low
4205,0,0,0.2057172644679094,Low
5687,0,0,0.20517385433723934,Low
3950,0,0,0.2049761638941796,Low
6379,0,0,0.20493760155894086,Low
121,1,0,0.20487198194789483,Low
5441,0,0,0.20450785219131806,Low
2835,0,0,0.20368902693940763,Low
2989,0,0,0.20360640248662118,Low
773,1,0,0.20353689204694644,Low
1674,1,0,0.20273694265504327,Low
981,1,0,0.20167489038708997,Low
6394,0,0,0.20058075543539555,Low
6646,0,0,0.19923381644430513,Low
4802,0,0,0.19897466518305745,Low
3576,0,0,0.19779204929574193,Low
4485,0,0,0.1945111289395364,Low
3685,0,0,0.19347203933303295,Low
2075,0,0,0.1931765811544068,Low
6995,0,0,0.19290276086258176,Low
4836,0,0,0.19188789195052733,Low
5975,0,0,0.19175582105301697,Low
4057,0,0,0.1915402375552387,Low
2335,0,0,0.1900301131389456,Low
2568,0,0,0.18898440674349795,Low
6991,0,0,0.1887267186006248,Low
220,1,0,0.18847493949918181,Low
3896,0,0,0.18794380789814538,Low
1677,1,0,0.18778743086272393,Low
6357,0,0,0.18756724059562532,Low
4781,0,0,0.18743215887201875,Low
1116,1,0,0.1861631597273786,Low
3257,0,0,0.185741035176262,Low
3494,0,0,0.18545803177934056,Low
5071,0,0,0.18479539276448026,Low
5876,0,0,0.18409549347475165,Low
648,1,0,0.1827840476813945,Low
6007,0,0,0.1827840476813945,Low
3855,0,0,0.18237487403127173,Low
6033,0,0,0.18195428850084155,Low
3517,0,0,0.18028406694362287,Low
5286,0,0,0.18027409180782417,Low
3256,0,0,0.17923532537035006,Low
5989,0,0,0.1788789354150642,Low
3584,0,0,0.17812771089964605,Low
7037,0,0,0.17633724559625186,Low
5135,0,0,0.17576352654391852,Low
1924,0,0,0.17482108054426745,Low
5212,0,0,0.17478574304531944,Low
5171,0,0,0.17418998912931877,Low
6989,0,0,0.17381712960581197,Low
958,1,0,0.17256187817180646,Low
6477,0,0,0.1708908840748399,Low
5260,0,0,0.17051002333690718,Low
147,1,0,0.1676539147293502,Low
1873,0,0,0.1665718912734384,Low
2346,0,0,0.16507769458357732,Low
4193,0,0,0.16262133726028083,Low
3886,0,0,0.16212561421120078,Low
3630,0,0,0.16172517797235073,Low
902,1,0,0.1605328897761647,Low
6461,0,0,0.16049328899046963,Low
969,1,0,0.16027239760885795,Low
6555,0,0,0.15931685843151733,Low
1578,1,0,0.15928564574228957,Low
4061,0,0,0.1592402430899299,Low
5712,0,0,0.1592299485087291,Low
5930,0,0,0.15839902912457626,Low
4245,0,0,0.15721075343257387,Low
6390,0,0,0.15715215134986935,Low
6521,0,0,0.1562509721697066,Low
2938,0,0,0.15609563277368954,Low
6249,0,0,0.15598080760718597,Low
2477,0,0,0.15573550420492416,Low
1862,1,0,0.15555427570268596,Low
4548,0,0,0.15504962138097955,Low
1088,1,0,0.15481488474188504,Low
3443,0,0,0.15356864354322375,Low
1555,1,0,0.15335918024319098,Low
4680,0,0,0.15285564362648432,Low
1625,1,0,0.15110347728965873,Low
1791,1,0,0.15109278732551887,Low
1618,1,0,0.1510003501489271,Low
4834,0,0,0.15027148768440107,Low
3148,0,0,0.14952370391153252,Low
3183,0,0,0.14948318325860663,Low
6988,0,0,0.14920639718790166,Low
674,1,0,0.14876525293941392,Low
29,1,0,0.14820198884133237,Low
6383,0,0,0.14792700002745945,Low
2092,0,0,0.1474355773400694,Low
5667,0,0,0.14689694823727914,Low
2002,0,0,0.14666270195717943,Low
1549,1,0,0.14506385304245034,Low
4237,0,0,0.14503329301968176,Low
4862,0,0,0.14463138048008764,Low
2248,0,0,0.14452594223884904,Low
5330,0,0,0.14438418355939336,Low
5009,0,0,0.144366213613591,Low
5147,0,0,0.14334688938514376,Low
2336,0,0,0.14128110120408824,Low
2214,0,0,0.14117687484889346,Low
2653,0,0,0.14035083262090556,Low
5026,0,0,0.14031146360632354,Low
4767,0,0,0.1401469719381502,Low
4651,0,0,0.13996075641139696,Low
6457,0,0,0.13882889919018784,Low
5451,0,0,0.13721192877208896,Low
2820,0,0,0.13676423590251638,Low
5156,0,0,0.13600710602528968,Low
4020,0,0,0.13499280140312753,Low
3474,0,0,0.13433925762213117,Low
2059,0,0,0.134238410200677,Low
3424,0,0,0.13320443374423785,Low
6118,0,0,0.13311801080928193,Low
5289,0,0,0.13201642700728217,Low
975,1,0,0.13197990057160125,Low
5334,0,0,0.13137654690464123,Low
1390,1,0,0.13049290371673294,Low
2006,0,0,0.13026222154216904,Low
164,1,0,0.1288909216392689,Low
5505,0,0,0.12867231924451975,Low
12,1,0,0.1286682439726631,Low
6776,0,0,0.12769624817090364,Low
629,1,0,0.12767765252271082,Low
2747,0,0,0.12744145165891962,Low
6003,0,0,0.1267543830454328,Low
3777,0,0,0.12648806525351064,Low
5223,0,0,0.12587079988299252,Low
3396,0,0,0.1256151368343685,Low
4432,0,0,0.12394569269235271,Low
2950,0,0,0.12367410299414593,Low
3725,0,0,0.1233043395488477,Low
3411,0,0,0.12322629546699514,Low
3845,0,0,0.12319615657304772,Low
2840,0,0,0.12211270484474146,Low
4134,0,0,0.12193033498726943,Low
6641,0,0,0.12175231555926988,Low
949,1,0,0.12147511630111542,Low
3671,0,0,0.1207683253628387,Low
1532,1,0,0.12075064688116631,Low
3904,0,0,0.11995390493735233,Low
3839,0,0,0.11993734502989228,Low
2791,0,0,0.11926585089226584,Low
2764,0,0,0.11792281682518647,Low
4034,0,0,0.11718466250989963,Low
4614,0,0,0.11718446382241027,Low
6667,0,0,0.11671471330588777,Low
5514,0,0,0.11669099675362357,Low
6692,0,0,0.11660964320976255,Low
4708,0,0,0.11660964320976255,Low
2361,0,0,0.11657360850987562,Low
4059,0,0,0.11515855407815026,Low
1983,0,0,0.11332924993686024,Low
1003,1,0,0.1123147717598812,Low
2544,0,0,0.11207325325765621,Low
3400,0,0,0.11171871093373589,Low
4878,0,0,0.1114107530054599,Low
1963,0,0,0.11136390976191811,Low
2591,0,0,0.11065708558304063,Low
5544,0,0,0.11029441189793215,Low
4406,0,0,0.10885622529842681,Low
6756,0,0,0.10862550890962201,Low
6789,0,0,0.10807342065706202,Low
5415,0,0,0.10801469737689876,Low
3169,0,0,0.10746876884518981,Low
5321,0,0,0.10746363807091593,Low
244,1,0,0.10739535834145872,Low
1468,1,0,0.10726519428777047,Low
1011,1,0,0.10693942720112283,Low
6338,0,0,0.10688776494485741,Low
1872,0,0,0.10632164634426208,Low
5453,0,0,0.10619892260064792,Low
5719,0,0,0.10597317056788493,Low
5984,0,0,0.1054447045509445,Low
7013,0,0,0.10357049962742362,Low
3515,0,0,0.10221185524618942,Low
6980,0,0,0.10210053831019077,Low
1151,1,0,0.10124317565085877,Low
5615,0,0,0.10095339878054435,Low
2585,0,0,0.10043152169741487,Low
5896,0,0,0.09915783594887945,Low
5564,0,0,0.09858805102049742,Low
1260,1,0,0.09811449552608426,Low
5471,0,0,0.09791856516681255,Low
4025,0,0,0.09738819207692682,Low
5604,0,0,0.09738819207692682,Low
5822,0,0,0.09696248582869402,Low
1119,1,0,0.09634771864617106,Low
2935,0,0,0.09612684188563804,Low
6969,0,0,0.09586715322146185,Low
6545,0,0,0.09553952350653977,Low
3165,0,0,0.09500345418605469,Low
4961,0,0,0.09454063034680671,Low
4254,0,0,0.09436099109932884,Low
2890,0,0,0.09436099109932884,Low
5782,0,0,0.09347789986707042,Low
5288,0,0,0.09346047651261827,Low
4578,0,0,0.09315658304688637,Low
5258,0,0,0.0927216895540999,Low
3974,0,0,0.0927216895540999,Low
2858,0,0,0.09270716245332457,Low
4420,0,0,0.092563192213346,Low
5315,0,0,0.09240707898229811,Low
2339,0,0,0.09228583902013344,Low
5376,0,0,0.09227219094434737,Low
1015,1,0,0.09225503447447511,Low
5430,0,0,0.09205852846095657,Low
4348,0,0,0.09174211758540611,Low
5959,0,0,0.09174211758540611,Low
2644,0,0,0.09168728248001567,Low
3177,0,0,0.09158603602641197,Low
4218,0,0,0.09154628565806128,Low
1187,1,0,0.09131524058756899,Low
6195,0,0,0.09118757633425507,Low
6818,0,0,0.09113027049661954,Low
4112,0,0,0.08988457782901126,Low
3916,0,0,0.08919972997405157,Low
2254,0,0,0.08889135594684172,Low
1840,1,0,0.08858943041930155,Low
2745,0,0,0.0879389860822208,Low
3505,0,0,0.08733335402162377,Low
25,1,0,0.0870157384635338,Low
1999,0,0,0.08697799425417269,Low
4067,0,0,0.0867480198905132,Low
3859,0,0,0.0857304719587572,Low
3201,0,0,0.08418368810598167,Low
3626,0,0,0.08410658431401317,Low
5898,0,0,0.08396124452403005,Low
5103,0,0,0.08291048440542993,Low
143,1,0,0.08242960757984043,Low
5236,0,0,0.08226994306427271,Low
3362,0,0,0.0822325752629543,Low
3948,0,0,0.08202076436273545,Low
3442,0,0,0.08177435781057264,Low
2694,0,0,0.08155510578641303,Low
1094,1,0,0.08138349182114075,Low
2864,0,0,0.0798386138040255,Low
1001,1,0,0.0797390556848452,Low
998,1,0,0.07964802506601447,Low
4586,0,0,0.07946490387012466,Low
6047,0,0,0.07884333229757823,Low
3151,0,0,0.07870930127701767,Low
2951,0,0,0.07857601924683572,Low
6360,0,0,0.07855634370259004,Low
2469,0,0,0.07797037878389777,Low
4608,0,0,0.07751497151849346,Low
2535,0,0,0.077320536735681,Low
2722,0,0,0.07701864684896195,Low
6834,0,0,0.07659062126401606,Low
4302,0,0,0.0764902743923813,Low
4106,0,0,0.0762921726853978,Low
4514,0,0,0.07607055288215576,Low
6057,0,0,0.0757429887914187,Low
2393,0,0,0.07568464401039053,Low
2699,0,0,0.07528163332724569,Low
4029,0,0,0.07473750781921966,Low
1073,1,0,0.07466149362226887,Low
3036,0,0,0.07440819488255722,Low
3232,0,0,0.07407644823356548,Low
3014,0,0,0.07393697186240443,Low
5936,0,0,0.07343293104473425,Low
5769,0,0,0.07311402169248259,Low
5860,0,0,0.07230508229924539,Low
4373,0,0,0.07168059619144912,Low
6974,0,0,0.07100625269192783,Low
1378,1,0,0.0699701954374849,Low
5831,0,0,0.06847861539524491,Low
4926,0,0,0.06847861539524491,Low
4830,0,0,0.06798667772654153,Low
3083,0,0,0.06791957585233077,Low
2464,0,0,0.06780010537248284,Low
4570,0,0,0.06755842333223251,Low
1767,1,0,0.06753795566779552,Low
6904,0,0,0.06739920754866217,Low
4593,0,0,0.06721372206137108,Low
3398,0,0,0.0667311319927552,Low
6615,0,0,0.06662893599959799,Low
5242,0,0,0.06644707392061067,Low
3697,0,0,0.06637028559137843,Low
1986,0,0,0.06637028559137843,Low
6055,0,0,0.06620135943615867,Low
6403,0,0,0.0661104441662008,Low
3016,0,0,0.06557737702661723,Low
3278,0,0,0.06550967678505705,Low
6565,0,0,0.06540554294315148,Low
1995,0,0,0.06540554294315148,Low
3125,0,0,0.06502219900397266,Low
4936,0,0,0.06501306774875175,Low
6668,0,0,0.0649005235444455,Low
4646,0,0,0.06485149087688823,Low
2928,0,0,0.06479106635821362,Low
2515,0,0,0.06451406314884316,Low
2643,0,0,0.06420965718309626,Low
6301,0,0,0.06383619991552178,Low
2257,0,0,0.06350167266535268,Low
5371,0,0,0.06327525994624365,Low
4625,0,0,0.0630754043413558,Low
2793,0,0,0.06295535549619055,Low
2030,0,0,0.06252499600001639,Low
2206,0,0,0.06252168134604007,Low
4544,0,0,0.062427911473673214,Low
1129,1,0,0.062337570615269094,Low
2438,0,0,0.06227354280050957,Low
2586,0,0,0.06217758136097082,Low
3472,0,0,0.06192089358146341,Low
3508,0,0,0.0616178633509713,Low
3562,0,0,0.06148001172989177,Low
6054,0,0,0.0613081925253646,Low
4631,0,0,0.06054568481329658,Low
6920,0,0,0.060145530625524,Low
5902,0,0,0.0596953329272292,Low
2475,0,0,0.05967986307434636,Low
5386,0,0,0.05914492476410478,Low
2472,0,0,0.05875056774684251,Low
4648,0,0,0.05822607576469292,Low
3775,0,0,0.05814342856863128,Low
5355,0,0,0.05766622100878308,Low
6193,0,0,0.057647886034408485,Low
4083,0,0,0.05760622292680806,Low
6166,0,0,0.05708821043434183,Low
2701,0,0,0.05652863959770966,Low
6859,0,0,0.056399202312906224,Low
2492,0,0,0.05623271469853032,Low
3193,0,0,0.05578701023872233,Low
5625,0,0,0.05566022421152572,Low
6744,0,0,0.05552675179661387,Low
5170,0,0,0.055516132558862306,Low
5926,0,0,0.05514254884628474,Low
3023,0,0,0.054774975521948675,Low
3593,0,0,0.054665345702364344,Low
3930,0,0,0.05409777022621859,Low
4693,0,0,0.053822128834133794,Low
5314,0,0,0.053742937880868195,Low
3910,0,0,0.05333815004204111,Low
165,1,0,0.05315481475814282,Low
5469,0,0,0.05309939576064227,Low
5091,0,0,0.052820123106212265,Low
3160,0,0,0.05280158591755931,Low
2485,0,0,0.05251026083923624,Low
2597,0,0,0.052505121123660466,Low
5631,0,0,0.052185890339996883,Low
5318,0,0,0.05191525288468402,Low
5753,0,0,0.05170152317523025,Low
4425,0,0,0.05168286247610365,Low
3514,0,0,0.05114310664555925,Low
5794,0,0,0.051018753764587345,Low
6598,0,0,0.0509002011288483,Low
5326,0,0,0.050862078363206574,Low
2729,0,0,0.05086144794993525,Low
1994,0,0,0.05055246116807024,Low
883,1,0,0.05044306457426968,Low
2528,0,0,0.05029472922431691,Low
4827,0,0,0.05024153847448223,Low
4462,0,0,0.05022026034237664,Low
26,1,0,0.049943339837591055,Low
3824,0,0,0.04975730764678682,Low
4231,0,0,0.04967238580634694,Low
4804,0,0,0.049503128277944015,Low
4825,0,0,0.04941496521458411,Low
1874,0,0,0.049377314304526146,Low
5111,0,0,0.049371846194349804,Low
3175,0,0,0.04930797280040676,Low
6590,0,0,0.04886451247836536,Low
3385,0,0,0.04792728278784608,Low
4616,0,0,0.047560829389874215,Low
4675,0,0,0.04750442810668575,Low
3347,0,0,0.04744643032818856,Low
1334,1,0,0.047334523614801366,Low
2244,0,0,0.047005252637213536,Low
2692,0,0,0.046997697829653975,Low
3350,0,0,0.04685789775238033,Low
3628,0,0,0.046695258546879434,Low
6699,0,0,0.04666767627248892,Low
2542,0,0,0.0464807059665071,Low
6671,0,0,0.04624760729321723,Low
4582,0,0,0.04616781830297935,Low
4323,0,0,0.04590964693100009,Low
2946,0,0,0.045853884232427804,Low
2094,0,0,0.04554543199367225,Low
4088,0,0,0.045502526423066264,Low
5039,0,0,0.04531647018422784,Low
3019,0,0,0.045289811997361686,Low
5196,0,0,0.04514841810865452,Low
5088,0,0,0.04490436471182768,Low
6762,0,0,0.04490436471182768,Low
2662,0,0,0.04450570168226554,Low
2783,0,0,0.044464515001225474,Low
3314,0,0,0.04437116576057427,Low
1217,1,0,0.044010886859609855,Low
4240,0,0,0.043728460053886156,Low
3136,0,0,0.043728460053886156,Low
3663,0,0,0.043728460053886156,Low
4155,0,0,0.043728460053886156,Low
6941,0,0,0.04370247241520418,Low
7012,0,0,0.04367468272148636,Low
1985,0,0,0.04357747338754046,Low
5005,0,0,0.04348142200746089,Low
6938,0,0,0.04344412381577497,Low
4807,0,0,0.04296768095382144,Low
4701,0,0,0.04294097576813007,Low
3060,0,0,0.042932425038053564,Low
2129,0,0,0.04245934025099843,Low
2825,0,0,0.04230954302396107,Low
6705,0,0,0.04211590901871347,Low
4529,0,0,0.041796577921368074,Low
6768,0,0,0.04153365461205864,Low
6480,0,0,0.04150196636195054,Low
6019,0,0,0.04150196636195054,Low
5646,0,0,0.04142650108154152,Low
757,1,0,0.041203345170651544,Low
2118,0,0,0.040851848582343996,Low
2122,0,0,0.040685707510167146,Low
2853,0,0,0.04066489921630787,Low
4888,0,0,0.040617733501604726,Low
5152,0,0,0.040617733501604726,Low
2932,0,0,0.04056651875724964,Low
2770,0,0,0.040409311189864634,Low
2844,0,0,0.04037528979539133,Low
5120,0,0,0.04028202671081788,Low
589,1,0,0.03995282342528012,Low
5605,0,0,0.039852688792546574,Low
5375,0,0,0.039694946251724234,Low
4049,0,0,0.039600217263774794,Low
5130,0,0,0.038944630085581224,Low
3554,0,0,0.03875305706991166,Low
3038,0,0,0.038709538831242715,Low
3198,0,0,0.03859885758500787,Low
3439,0,0,0.0383302863718987,Low
2696,0,0,0.03818643052594395,Low
1885,0,0,0.037917212489363396,Low
4740,0,0,0.03779362083035102,Low
2124,0,0,0.03776329622021937,Low
3121,0,0,0.03776329622021937,Low
3675,0,0,0.03774718735769344,Low
2823,0,0,0.03758048605393956,Low
3850,0,0,0.037408012449044535,Low
2196,0,0,0.03722569408413288,Low
3253,0,0,0.03722569408413288,Low
6890,0,0,0.037141404772911085,Low
3537,0,0,0.036700737926659704,Low
2431,0,0,0.0363802995686182,Low
2233,0,0,0.03624252953495762,Low
3117,0,0,0.03613956025982213,Low
3908,0,0,0.03611292687392183,Low
2683,0,0,0.03611292687392183,Low
4899,0,0,0.03611292687392183,Low
2382,0,0,0.035942336292088865,Low
5641,0,0,0.03583376490537817,Low
3764,0,0,0.03559375624746611,Low
3029,0,0,0.035398395792735765,Low
4255,0,0,0.035394437513021466,Low
4466,0,0,0.0353241103759536,Low
6909,0,0,0.03487080566542968,Low
4956,0,0,0.034864610116926875,Low
5199,0,0,0.03479948226114815,Low
6720,0,0,0.034781978925033166,Low
3951,0,0,0.03478193913202771,Low
4942,0,0,0.03456579147671358,Low
1147,1,0,0.03443205247242588,Low
3145,0,0,0.034316311983266776,Low
6648,0,0,0.034034848633492806,Low
3844,0,0,0.034034848633492806,Low
3799,0,0,0.03401470607998615,Low
5141,0,0,0.033666462335883884,Low
5976,0,0,0.03365991051601088,Low
2226,0,0,0.03338246796696576,Low
6606,0,0,0.032971927987848995,Low
6075,0,0,0.03296903984281191,Low
2110,0,0,0.032959293381463126,Low
3555,0,0,0.032776437334017194,Low
5345,0,0,0.03264073465378362,Low
3473,0,0,0.03244154918596816,Low
6181,0,0,0.03235804555297264,Low
4490,0,0,0.032295516030350746,Low
3397,0,0,0.03228710242757266,Low
3707,0,0,0.03214780744668981,Low
4169,0,0,0.03166916708172969,Low
3693,0,0,0.0316413904830275,Low
6416,0,0,0.03150854352879375,Low
5044,0,0,0.031448224351093235,Low
2861,0,0,0.031238194342306166,Low
4019,0,0,0.03097766513317721,Low
4604,0,0,0.030697167149491493,Low
6649,0,0,0.03061810567014499,Low
5052,0,0,0.030499166536234114,Low
6435,0,0,0.03045716756516335,Low
4993,0,0,0.030457155672560892,Low
3565,0,0,0.030234735107145767,Low
3588,0,0,0.030221617939318997,Low
6498,0,0,0.03016184533559849,Low
6355,0,0,0.03011115034117349,Low
4828,0,0,0.030096657330750273,Low
2069,0,0,0.03007390309460536,Low
3500,0,0,0.03007390309460536,Low
4765,0,0,0.02982263856856133,Low
4642,0,0,0.029707820135658307,Low
5367,0,0,0.029702180354886046,Low
2170,0,0,0.029627955649717125,Low
4468,0,0,0.029344225851976654,Low
5632,0,0,0.029309666483390815,Low
5986,0,0,0.029207274926903486,Low
3086,0,0,0.029206798945908306,Low
2815,0,0,0.029022494156110953,Low
6781,0,0,0.02882156975245856,Low
5055,0,0,0.028617798347932686,Low
1935,0,0,0.02859166925246896,Low
5359,0,0,0.0285844831104897,Low
2204,0,0,0.02833353476461062,Low
3053,0,0,0.02825669918980475,Low
4165,0,0,0.028167528999140382,Low
4351,0,0,0.027449931388816483,Low
3234,0,0,0.027364393496319066,Low
4929,0,0,0.02731618869883569,Low
3603,0,0,0.026793466485197155,Low
3813,0,0,0.026470857102735428,Low
4377,0,0,0.026369734232729133,Low
5194,0,0,0.026186227030915825,Low
1903,0,0,0.02604173466446522,Low
3696,0,0,0.026030283760741714,Low
3329,0,0,0.02602971988043414,Low
2673,0,0,0.02598304851048263,Low
6823,0,0,0.025947429328921183,Low
6413,0,0,0.025910163830365165,Low
5890,0,0,0.025663690478704516,Low
6800,0,0,0.02516982123652296,Low
3542,0,0,0.024745916306011362,Low
3895,0,0,0.024624509955003086,Low
6130,0,0,0.024439481552808322,Low
4599,0,0,0.02441897075966303,Low
6665,0,0,0.024159027310656576,Low
1923,0,0,0.024128040215880088,Low
2532,0,0,0.023859220794657313,Low
3939,0,0,0.02362831381902781,Low
6040,0,0,0.023560771049786804,Low
2635,0,0,0.023560771049786804,Low
2210,0,0,0.023560771049786804,Low
4163,0,0,0.023537304929024068,Low
6232,0,0,0.023452794780256636,Low
4360,0,0,0.023402828836747144,Low
3112,0,0,0.023306124320459146,Low
6528,0,0,0.02313210531285503,Low
3994,0,0,0.023048947496350478,Low
6923,0,0,0.023048947496350478,Low
5465,0,0,0.022923803689795495,Low
3827,0,0,0.02290705324496359,Low
6027,0,0,0.022884222956590452,Low
6001,0,0,0.022879085615184133,Low
1996,0,0,0.022860163634716907,Low
2428,0,0,0.022839677855483805,Low
4494,0,0,0.022767945373790108,Low
6979,0,0,0.02268766100540893,Low
6402,0,0,0.022380270169583348,Low
5211,0,0,0.02237562070045413,Low
2012,0,0,0.02237562070045413,Low
6972,0,0,0.022372573923672884,Low
5399,0,0,0.02227295194449038,Low
6868,0,0,0.02227295194449038,Low
5317,0,0,0.02227295194449038,Low
2822,0,0,0.02227295194449038,Low
5010,0,0,0.02220551252613707,Low
4655,0,0,0.02220317796074822,Low
4613,0,0,0.02220317796074822,Low
6302,0,0,0.02214504172975064,Low
2637,0,0,0.022135726646193184,Low
5613,0,0,0.022048443176340134,Low
6081,0,0,0.022024650501323736,Low
5450,0,0,0.021963494922431548,Low
3119,0,0,0.021938127734011374,Low
4844,0,0,0.0218005778319598,Low
3010,0,0,0.0218005778319598,Low
5381,0,0,0.0218005778319598,Low
6103,0,0,0.0218005778319598,Low
3944,0,0,0.021676667433155935,Low
6760,0,0,0.02166619837312343,Low
4072,0,0,0.02162179252551292,Low
4380,0,0,0.02147451793885309,Low
4819,0,0,0.021393406071013074,Low
6258,0,0,0.02127209351687564,Low
5792,0,0,0.02126540412344694,Low
6623,0,0,0.021100034796589017,Low
3710,0,0,0.020684474610855375,Low
2070,0,0,0.02001069456536722,Low
5391,0,0,0.019968715456301557,Low
2884,0,0,0.019768916642077694,Low
3717,0,0,0.01974411739291457,Low
3867,0,0,0.019687189057080653,Low
3353,0,0,0.019415019163389998,Low
7002,0,0,0.01906430070558267,Low
4792,0,0,0.019023780998414286,Low
4010,0,0,0.01876703897608145,Low
4773,0,0,0.018543842034300085,Low
2260,0,0,0.01828312357268004,Low
2622,0,0,0.01813319547848151,Low
4906,0,0,0.018078404736106158,Low
6564,0,0,0.0180394300724178,Low
6763,0,0,0.018037695715674092,Low
5263,0,0,0.017604971985130682,Low
3734,0,0,0.017381635738664563,Low
4266,0,0,0.017276332451041824,Low
4677,0,0,0.017206576700849706,Low
4991,0,0,0.017105106120191324,Low
4979,0,0,0.017056005333397593,Low
5660,0,0,0.017036587828320533,Low
2033,0,0,0.016995127712850153,Low
5709,0,0,0.01697652172316505,Low
5582,0,0,0.016955977149716268,Low
2392,0,0,0.01683754182161823,Low
2231,0,0,0.016745427131879514,Low
5466,0,0,0.01656597600734786,Low
4977,0,0,0.0165112881907241,Low
5512,0,0,0.016236536742748938,Low
6321,0,0,0.01621554790062774,Low
6527,0,0,0.016165449128170226,Low
5914,0,0,0.016147197015153845,Low
5446,0,0,0.016104341779154274,Low
1182,1,0,0.016010792453790428,Low
4196,0,0,0.015923038093506633,Low
2504,0,0,0.015596740961646913,Low
2881,0,0,0.015454192959787444,Low
3504,0,0,0.015392270064507385,Low
5016,0,0,0.015115618998315204,Low
6511,0,0,0.014918575513498192,Low
4925,0,0,0.014890239552815846,Low
4816,0,0,0.014819949749006484,Low
6862,0,0,0.014795154643404678,Low
6444,0,0,0.014783386979848073,Low
4987,0,0,0.014569708294424782,Low
3532,0,0,0.014321539503482424,Low
5856,0,0,0.0142617031225263,Low
3768,0,0,0.014187126105939855,Low
2592,0,0,0.014106910428223176,Low
4415,0,0,0.01404763899812904,Low
5666,0,0,0.013946205057083048,Low
4482,0,0,0.013820679840558509,Low
5911,0,0,0.013758579160182081,Low
2609,0,0,0.013506846439410943,Low
5617,0,0,0.013495008372401597,Low
4408,0,0,0.013443454451403903,Low
5612,0,0,0.013346447334374296,Low
6077,0,0,0.013321114075560428,Low
2405,0,0,0.013276411256014056,Low
3838,0,0,0.01323762678317627,Low
3548,0,0,0.013186183521892644,Low
4371,0,0,0.013171371805445488,Low
5992,0,0,0.013081393738461417,Low
6780,0,0,0.0130237367418757,Low
3723,0,0,0.012689995404481185,Low
2849,0,0,0.012687902096313224,Low
3211,0,0,0.012687902096313224,Low
5097,0,0,0.012660601001010501,Low
6515,0,0,0.012615632923791477,Low
3726,0,0,0.012590495217001087,Low
5193,0,0,0.012590495217001087,Low
2638,0,0,0.012538110592977674,Low
5320,0,0,0.012516617826519824,Low
4607,0,0,0.01249473415802397,Low
2171,0,0,0.012486946592042794,Low
6375,0,0,0.012283552543719219,Low
5852,0,0,0.012283552543719219,Low
5541,0,0,0.012264426741923302,Low
2514,0,0,0.01223881890632684,Low
3722,0,0,0.012237267682224148,Low
4738,0,0,0.012066721542116021,Low
6713,0,0,0.012066721542116021,Low
4559,0,0,0.011990255491014533,Low
4600,0,0,0.011788857263487308,Low
4073,0,0,0.011635102243973055,Low
6391,0,0,0.011635102243973055,Low
3454,0,0,0.011576583405089992,Low
3721,0,0,0.011525917816529936,Low
4948,0,0,0.011525917816529936,Low
5217,0,0,0.011525917816529936,Low
6600,0,0,0.011453620518782702,Low
5074,0,0,0.011291353347525386,Low
6337,0,0,0.011208575701250103,Low
5313,0,0,0.011168337964437312,Low
6587,0,0,0.011081566870831606,Low
5254,0,0,0.01105290127204554,Low
5331,0,0,0.01077508707438387,Low
6814,0,0,0.01076913659078743,Low
4147,0,0,0.010727792318543518,Low
3622,0,0,0.010708226145672123,Low
4598,0,0,0.010692868372857251,Low
4296,0,0,0.01068092803248276,Low
6728,0,0,0.01056845005743728,Low
2029,0,0,0.010538016383897914,Low
6846,0,0,0.010534999423455623,Low
6334,0,0,0.0103959326222588,Low
5759,0,0,0.010073204624680136,Low
3770,0,0,0.010034541564585539,Low
5939,0,0,0.010032641648134428,Low
5933,0,0,0.009862549476383844,Low
5887,0,0,0.009774775521901476,Low
5343,0,0,0.009483459404729274,Low
4989,0,0,0.009056506645041689,Low
5305,0,0,0.009000288085320747,Low
4124,0,0,0.008781610480528848,Low
6761,0,0,0.008669598732712192,Low
6151,0,0,0.00846364991727593,Low
2723,0,0,0.00840295705858649,Low
4260,0,0,0.008369521105522866,Low
6605,0,0,0.00822778770216027,Low
5149,0,0,0.008225243975406147,Low
6482,0,0,0.007975300372264984,Low
5869,0,0,0.007907998102490845,Low
4393,0,0,0.007861850835650852,Low
5716,0,0,0.007810014379968434,Low
2371,0,0,0.007788313839729998,Low
3488,0,0,0.007788313839729998,Low
5150,0,0,0.007724591031784282,Low
3238,0,0,0.0076888897286567885,Low
2578,0,0,0.007616451403752778,Low
2281,0,0,0.007616451403752778,Low
3692,0,0,0.007616451403752778,Low
2357,0,0,0.007616451403752778,Low
6229,0,0,0.007616451403752778,Low
2768,0,0,0.007616451403752778,Low
2819,0,0,0.007616451403752778,Low
6094,0,0,0.007548570521065343,Low
3703,0,0,0.007498420159073676,Low
5040,0,0,0.007460848141081028,Low
5025,0,0,0.007460848141081028,Low
4900,0,0,0.007452549174405533,Low
3688,0,0,0.007452549174405533,Low
6604,0,0,0.007452549174405533,Low
6199,0,0,0.007452549174405533,Low
3756,0,0,0.007452549174405533,Low
6712,0,0,0.007452549174405533,Low
2264,0,0,0.007390542233369232,Low
4603,0,0,0.007390542233369232,Low
6505,0,0,0.007335789927053326,Low
3865,0,0,0.007298164755527504,Low
3789,0,0,0.007231466031270639,Low
6233,0,0,0.007231466031270639,Low
5124,0,0,0.006877269456871687,Low
4800,0,0,0.006790124223000221,Low
3917,0,0,0.006736965483277715,Low
4652,0,0,0.0064569842908637105,Low
4788,0,0,0.006201064294941629,Low
5812,0,0,0.00581180305374535,Low
4074,0,0,0.005675901976799229,Low
4739,0,0,0.005644166659298771,Low
6369,0,0,0.005635407162207794,Low
6945,0,0,0.00548700688243996,Low
6354,0,0,0.005409850620787168,Low
6826,0,0,0.00526716425884549,Low
4407,0,0,0.005102875335873576,Low
5692,0,0,0.005059827462840308,Low
6417,0,0,0.004937054116087586,Low
4973,0,0,0.004901995844745078,Low
6141,0,0,0.0047966973168568775,Low
6730,0,0,0.004786697105816319,Low
4358,0,0,0.004683402391170961,Low
4564,0,0,0.004604278271075354,Low
4429,0,0,0.004369984069242267,Low
5383,0,0,0.004263877579171759,Low
6596,0,0,0.004171817774967717,Low
2601,0,0,0.004171817774967717,Low
6158,0,0,0.004171817774967717,Low
3591,0,0,0.004163114870488961,Low
3217,0,0,0.004163114870488961,Low
5290,0,0,0.004132173193590714,Low
4938,0,0,0.0041114416322975385,Low
4968,0,0,0.004073221697306789,Low
4021,0,0,0.004072368456151216,Low
6000,0,0,0.004012734324693227,Low
2812,0,0,0.003974096602885414,Low
5496,0,0,0.0037938622161752334,Low
